-- phpMyAdmin SQL Dump
-- version 4.0.4.1
-- http://www.phpmyadmin.net
--
-- Machine: 127.0.0.1
-- Genereertijd: 21 jun 2014 om 15:06
-- Serverversie: 5.5.32
-- PHP-versie: 5.4.22

SET SQL_MODE = "NO_AUTO_VALUE_ON_ZERO";
SET time_zone = "+00:00";


/*!40101 SET @OLD_CHARACTER_SET_CLIENT=@@CHARACTER_SET_CLIENT */;
/*!40101 SET @OLD_CHARACTER_SET_RESULTS=@@CHARACTER_SET_RESULTS */;
/*!40101 SET @OLD_COLLATION_CONNECTION=@@COLLATION_CONNECTION */;
/*!40101 SET NAMES utf8 */;

--
-- Databank: `cmdb`
--
CREATE DATABASE IF NOT EXISTS `cmdb` DEFAULT CHARACTER SET latin1 COLLATE latin1_swedish_ci;
USE `cmdb`;

-- --------------------------------------------------------

--
-- Tabelstructuur voor tabel `cmdb_geinstalleerdesoftware`
--

CREATE TABLE IF NOT EXISTS `cmdb_geinstalleerdesoftware` (
  `Hardware_ID` varchar(32) DEFAULT NULL,
  `Software_ID` varchar(32) DEFAULT NULL,
  UNIQUE KEY `Hardware_ID` (`Hardware_ID`,`Software_ID`),
  KEY `FKSoftwareHardware` (`Software_ID`)
) ENGINE=InnoDB DEFAULT CHARSET=latin1;

--
-- Gegevens worden uitgevoerd voor tabel `cmdb_geinstalleerdesoftware`
--

INSERT INTO `cmdb_geinstalleerdesoftware` (`Hardware_ID`, `Software_ID`) VALUES
('ANLW01', 'IE7'),
('ANLW01', 'OFF2K3'),
('ANLW02', 'IE7'),
('ANLW02', 'OFF2K3'),
('ANLW03', 'IE7'),
('ANLW03', 'OFF2K3'),
('BHFK002', 'SQL7'),
('BHFK003', 'AP'),
('BHFK003', 'MYSQL'),
('BHFK003', 'ProfSup'),
('BRG003', 'AS'),
('BRG003', 'BB'),
('BRG003', 'CC'),
('BRG003', 'CG'),
('BRG003', 'CS'),
('BRG003', 'EdPrf'),
('BRG003', 'EG'),
('BRG003', 'EP'),
('BRG003', 'ET'),
('BRG003', 'GI'),
('BRG003', 'HE'),
('BRG003', 'HS'),
('BRG003', 'HV'),
('BRG003', 'IET'),
('BRG003', 'IM'),
('BRG003', 'LG'),
('BRG003', 'MM'),
('BRG003', 'OS'),
('BRG003', 'PCG'),
('BRG003', 'PP'),
('BRG003', 'PS'),
('BRG003', 'SG'),
('BRG003', 'SP+'),
('BRG003', 'TE'),
('BRG003', 'TT'),
('BRG003', 'UM'),
('BRG003', 'VT'),
('BRGA111-01', 'IE7'),
('BRGA111-01', 'OFF2K3'),
('BRGA111-02', 'IE7'),
('BRGA111-02', 'OFF2K3'),
('BRGA111-03', 'IE7'),
('BRGA111-03', 'OFF2K3'),
('BRGA111-04', 'IE7'),
('BRGA111-04', 'OFF2K3'),
('BRGA111-05', 'IE7'),
('BRGA111-05', 'OFF2K3'),
('BRGA111-06', 'IE7'),
('BRGA111-06', 'OFF2K3'),
('BRGA111-07', 'IE7'),
('BRGA111-07', 'OFF2K3'),
('BRGA111-08', 'IE7'),
('BRGA111-08', 'OFF2K3'),
('BRGA111-09', 'IE7'),
('BRGA111-09', 'OFF2K3'),
('BRGA111-10', 'IE7'),
('BRGA111-10', 'OFF2K3'),
('BRGA111-11', 'IE7'),
('BRGA111-11', 'OFF2K3'),
('BRGA111-12', 'IE7'),
('BRGA111-12', 'OFF2K3'),
('BRGA111-13', 'IE7'),
('BRGA111-13', 'OFF2K3'),
('BRGA111-14', 'IE7'),
('BRGA111-14', 'OFF2K3'),
('BRGA111-15', 'IE7'),
('BRGA111-15', 'OFF2K3'),
('BRGA111-16', 'IE7'),
('BRGA111-16', 'OFF2K3'),
('BRGA112-01', 'IE7'),
('BRGA112-01', 'OFF2K3'),
('BRGA112-02', 'IE7'),
('BRGA112-02', 'OFF2K3'),
('BRGA112-03', 'IE7'),
('BRGA112-03', 'OFF2K3'),
('BRGA112-04', 'IE7'),
('BRGA112-04', 'OFF2K3'),
('BRGA112-05', 'IE7'),
('BRGA112-05', 'OFF2K3'),
('BRGA112-06', 'IE7'),
('BRGA112-06', 'OFF2K3'),
('BRGA112-07', 'IE7'),
('BRGA112-07', 'OFF2K3'),
('BRGA112-08', 'IE7'),
('BRGA112-08', 'OFF2K3'),
('BRGA112-09', 'IE7'),
('BRGA112-09', 'OFF2K3'),
('BRGA112-10', 'IE7'),
('BRGA112-10', 'OFF2K3'),
('BRGA112-11', 'IE7'),
('BRGA112-11', 'OFF2K3'),
('BRGA112-12', 'IE7'),
('BRGA112-12', 'OFF2K3'),
('BRGA112-13', 'IE7'),
('BRGA112-13', 'OFF2K3'),
('BRGA112-14', 'IE7'),
('BRGA112-14', 'OFF2K3'),
('BRGA112-15', 'IE7'),
('BRGA112-15', 'OFF2K3'),
('BRGA112-16', 'IE7'),
('BRGA112-16', 'OFF2K3'),
('BRGA112-99', 'IE7'),
('BRGA112-99', 'OFF2K3'),
('BRGD123-01', 'IE7'),
('BRGD123-01', 'OFF2K3'),
('BRGD123-02', 'IE7'),
('BRGD123-02', 'OFF2K3'),
('BRGD123-03', 'IE7'),
('BRGD123-03', 'OFF2K3'),
('BRGD123-04', 'IE7'),
('BRGD123-04', 'OFF2K3'),
('BRGD123-05', 'IE7'),
('BRGD123-05', 'OFF2K3'),
('BRGD123-06', 'IE7'),
('BRGD123-06', 'OFF2K3'),
('BRGD123-07', 'IE7'),
('BRGD123-07', 'OFF2K3'),
('BRGD123-08', 'IE7'),
('BRGD123-08', 'OFF2K3'),
('BRGD123-09', 'IE7'),
('BRGD123-09', 'OFF2K3'),
('BRGD123-10', 'IE7'),
('BRGD123-10', 'OFF2K3'),
('BRGD123-11', 'IE7'),
('BRGD123-11', 'OFF2K3'),
('BRGD123-12', 'IE7'),
('BRGD123-12', 'OFF2K3'),
('BRGD123-13', 'IE7'),
('BRGD123-13', 'OFF2K3'),
('BRGD123-14', 'IE7'),
('BRGD123-14', 'OFF2K3'),
('BRGD123-15', 'IE7'),
('BRGD123-15', 'OFF2K3'),
('BRGD123-16', 'IE7'),
('BRGD123-16', 'OFF2K3'),
('BRGD125-01', 'FF'),
('BRGD125-01', 'SOFF'),
('BRGD125-02', 'FF'),
('BRGD125-02', 'SOFF'),
('BRGD125-03', 'FF'),
('BRGD125-03', 'SOFF'),
('BRGD125-04', 'FF'),
('BRGD125-04', 'SOFF'),
('BRGD125-05', 'FF'),
('BRGD125-05', 'SOFF'),
('BRGD125-06', 'FF'),
('BRGD125-06', 'SOFF'),
('BRGD125-07', 'FF'),
('BRGD125-07', 'SOFF'),
('BRGD125-08', 'FF'),
('BRGD125-08', 'SOFF'),
('BRGD125-09', 'FF'),
('BRGD125-09', 'SOFF'),
('BRGD125-10', 'FF'),
('BRGD125-10', 'SOFF'),
('BRGD125-11', 'FF'),
('BRGD125-11', 'SOFF'),
('BRGD125-12', 'FF'),
('BRGD125-12', 'SOFF'),
('BRGD125-13', 'FF'),
('BRGD125-13', 'SOFF'),
('BRGD125-14', 'FF'),
('BRGD125-14', 'SOFF'),
('BRGD125-15', 'FF'),
('BRGD125-15', 'SOFF'),
('BRGD125-16', 'FF'),
('BRGD125-16', 'SOFF'),
('BRGD125-99', 'FF'),
('BRGD125-99', 'SOFF'),
('BRGD127-01', 'IE7'),
('BRGD127-01', 'OFFXP'),
('BRGD127-02', 'IE7'),
('BRGD127-02', 'OFFXP'),
('BRGD127-03', 'IE7'),
('BRGD127-03', 'OFFXP'),
('BRGD127-04', 'IE7'),
('BRGD127-04', 'OFFXP'),
('BRGD127-05', 'IE7'),
('BRGD127-05', 'OFFXP'),
('BRGD127-06', 'IE7'),
('BRGD127-06', 'OFFXP'),
('BRGD127-07', 'IE7'),
('BRGD127-07', 'OFFXP'),
('BRGD127-08', 'IE7'),
('BRGD127-08', 'OFFXP'),
('BRGD127-09', 'IE7'),
('BRGD127-09', 'OFFXP'),
('BRGD127-10', 'IE7'),
('BRGD127-10', 'OFFXP'),
('BRGD127-11', 'IE7'),
('BRGD127-11', 'OFFXP'),
('BRGD127-12', 'IE7'),
('BRGD127-12', 'OFFXP'),
('BRGD127-13', 'IE7'),
('BRGD127-13', 'OFFXP'),
('BRGD127-14', 'IE7'),
('BRGD127-14', 'OFFXP'),
('BRGD127-15', 'IE7'),
('BRGD127-15', 'OFFXP'),
('BRGD127-16', 'IE7'),
('BRGD127-16', 'OFFXP'),
('GRL002', 'AS'),
('GRL002', 'BB'),
('GRL002', 'CC'),
('GRL002', 'CG'),
('GRL002', 'EdPrf'),
('GRL002', 'EP'),
('GRL002', 'ET'),
('GRL002', 'GI'),
('GRL002', 'HE'),
('GRL002', 'HV'),
('GRL002', 'IET'),
('GRL002', 'IM'),
('GRL002', 'LG'),
('GRL002', 'MM'),
('GRL002', 'OS'),
('GRL002', 'PCG'),
('GRL002', 'PP'),
('GRL002', 'PS'),
('GRL002', 'SG'),
('GRL002', 'SP+'),
('GRL002', 'TE'),
('GRL002', 'TT'),
('GRL002', 'UM'),
('GRL002', 'VT'),
('GRLA112-01', 'FF'),
('GRLA112-01', 'OFF2K3'),
('GRLA112-02', 'FF'),
('GRLA112-02', 'OFF2K3'),
('GRLA112-03', 'FF'),
('GRLA112-03', 'OFF2K3'),
('GRLA112-04', 'FF'),
('GRLA112-04', 'OFF2K3'),
('GRLA112-05', 'FF'),
('GRLA112-05', 'OFF2K3'),
('GRLA112-06', 'FF'),
('GRLA112-06', 'OFF2K3'),
('GRLA112-07', 'FF'),
('GRLA112-07', 'OFF2K3'),
('GRLA112-08', 'FF'),
('GRLA112-08', 'OFF2K3'),
('GRLA112-09', 'FF'),
('GRLA112-09', 'OFF2K3'),
('GRLA112-10', 'FF'),
('GRLA112-10', 'OFF2K3'),
('GRLA112-11', 'FF'),
('GRLA112-11', 'OFF2K3'),
('GRLA112-12', 'FF'),
('GRLA112-12', 'OFF2K3'),
('GRLA112-13', 'FF'),
('GRLA112-13', 'OFF2K3'),
('GRLA112-14', 'FF'),
('GRLA112-14', 'OFF2K3'),
('GRLA112-15', 'FF'),
('GRLA112-15', 'OFF2K3'),
('GRLA112-16', 'FF'),
('GRLA112-16', 'OFF2K3'),
('GRLA115-01', 'IE7'),
('GRLA115-01', 'OFFXP'),
('GRLA115-02', 'IE7'),
('GRLA115-02', 'OFFXP'),
('GRLA115-03', 'IE7'),
('GRLA115-03', 'OFFXP'),
('GRLA115-04', 'IE7'),
('GRLA115-04', 'OFFXP'),
('GRLA115-05', 'IE7'),
('GRLA115-05', 'OFFXP'),
('GRLA115-06', 'IE7'),
('GRLA115-06', 'OFFXP'),
('GRLA115-07', 'IE7'),
('GRLA115-07', 'OFFXP'),
('GRLA115-08', 'IE7'),
('GRLA115-08', 'OFFXP'),
('GRLA115-09', 'IE7'),
('GRLA115-09', 'OFFXP'),
('GRLA115-10', 'IE7'),
('GRLA115-10', 'OFFXP'),
('GRLA115-11', 'IE7'),
('GRLA115-11', 'OFFXP'),
('GRLA115-12', 'IE7'),
('GRLA115-12', 'OFFXP'),
('GRLA115-13', 'IE7'),
('GRLA115-13', 'OFFXP'),
('GRLA115-14', 'IE7'),
('GRLA115-14', 'OFFXP'),
('GRLA115-15', 'IE7'),
('GRLA115-15', 'OFFXP'),
('GRLA115-16', 'IE7'),
('GRLA115-16', 'OFFXP'),
('GRLA115-99', 'IE7'),
('GRLA115-99', 'OFFXP'),
('GRLB107-01', 'FF'),
('GRLB107-01', 'IE7'),
('GRLB107-01', 'OFFXP'),
('GRLB107-02', 'FF'),
('GRLB107-02', 'IE7'),
('GRLB107-02', 'OFFXP'),
('GRLB107-03', 'FF'),
('GRLB107-03', 'IE7'),
('GRLB107-03', 'OFFXP'),
('GRLB107-04', 'FF'),
('GRLB107-04', 'IE7'),
('GRLB107-04', 'OFFXP'),
('GRLB107-05', 'FF'),
('GRLB107-05', 'IE7'),
('GRLB107-05', 'OFFXP'),
('GRLB107-06', 'FF'),
('GRLB107-06', 'IE7'),
('GRLB107-06', 'OFFXP'),
('GRLB107-07', 'FF'),
('GRLB107-07', 'IE7'),
('GRLB107-07', 'OFFXP'),
('GRLB107-08', 'FF'),
('GRLB107-08', 'IE7'),
('GRLB107-08', 'OFFXP'),
('GRLB107-09', 'FF'),
('GRLB107-09', 'IE7'),
('GRLB107-09', 'OFFXP'),
('GRLB107-10', 'FF'),
('GRLB107-10', 'IE7'),
('GRLB107-10', 'OFFXP'),
('GRLB107-11', 'FF'),
('GRLB107-11', 'IE7'),
('GRLB107-11', 'OFFXP'),
('GRLB107-12', 'FF'),
('GRLB107-12', 'IE7'),
('GRLB107-12', 'OFFXP'),
('GRLB107-13', 'FF'),
('GRLB107-13', 'IE7'),
('GRLB107-13', 'OFFXP'),
('GRLB107-14', 'FF'),
('GRLB107-14', 'IE7'),
('GRLB107-14', 'OFFXP'),
('GRLB107-15', 'FF'),
('GRLB107-15', 'IE7'),
('GRLB107-15', 'OFFXP'),
('GRLB107-16', 'FF'),
('GRLB107-16', 'IE7'),
('GRLB107-16', 'OFFXP'),
('GRLC203-01', 'IE7'),
('GRLC203-01', 'OFFXP'),
('GRLC203-02', 'IE7'),
('GRLC203-02', 'OFFXP'),
('GRLC203-03', 'IE7'),
('GRLC203-03', 'OFFXP'),
('GRLC203-04', 'IE7'),
('GRLC203-04', 'OFFXP'),
('GRLC203-05', 'IE7'),
('GRLC203-05', 'OFFXP'),
('GRLC203-06', 'IE7'),
('GRLC203-06', 'OFFXP'),
('GRLC203-07', 'IE7'),
('GRLC203-07', 'OFFXP'),
('GRLC203-08', 'IE7'),
('GRLC203-08', 'OFFXP'),
('GRLC203-09', 'IE7'),
('GRLC203-09', 'OFFXP'),
('GRLC203-10', 'IE7'),
('GRLC203-10', 'OFFXP'),
('GRLC203-11', 'IE7'),
('GRLC203-11', 'OFFXP'),
('GRLC203-12', 'IE7'),
('GRLC203-12', 'OFFXP'),
('GRLC203-13', 'IE7'),
('GRLC203-13', 'OFFXP'),
('GRLC203-14', 'IE7'),
('GRLC203-14', 'OFFXP'),
('GRLC203-15', 'IE7'),
('GRLC203-15', 'OFFXP'),
('GRLC203-16', 'IE7'),
('GRLC203-16', 'OFFXP'),
('GRLC205-01', 'IE7'),
('GRLC205-01', 'OFFXP'),
('GRLC205-02', 'IE7'),
('GRLC205-02', 'OFFXP'),
('GRLC205-03', 'IE7'),
('GRLC205-03', 'OFFXP'),
('GRLC205-04', 'IE7'),
('GRLC205-04', 'OFFXP'),
('GRLC205-05', 'IE7'),
('GRLC205-05', 'OFFXP'),
('GRLC205-06', 'IE7'),
('GRLC205-06', 'OFFXP'),
('GRLC205-07', 'IE7'),
('GRLC205-07', 'OFFXP'),
('GRLC205-08', 'IE7'),
('GRLC205-08', 'OFFXP'),
('GRLC205-09', 'IE7'),
('GRLC205-09', 'OFFXP'),
('GRLC205-10', 'IE7'),
('GRLC205-10', 'OFFXP'),
('GRLC205-11', 'IE7'),
('GRLC205-11', 'OFFXP'),
('GRLC205-12', 'IE7'),
('GRLC205-12', 'OFFXP'),
('GRLC205-13', 'IE7'),
('GRLC205-13', 'OFFXP'),
('GRLC205-14', 'IE7'),
('GRLC205-14', 'OFFXP'),
('GRLC205-15', 'IE7'),
('GRLC205-15', 'OFFXP'),
('GRLC205-16', 'IE7'),
('GRLC205-16', 'OFFXP'),
('GRLC205-99', 'IE7'),
('GRLC205-99', 'OFFXP'),
('GRLC207-01', 'FF'),
('GRLC207-01', 'IE7'),
('GRLC207-01', 'OFFXP'),
('GRLC207-02', 'FF'),
('GRLC207-02', 'IE7'),
('GRLC207-02', 'OFFXP'),
('GRLC207-03', 'FF'),
('GRLC207-03', 'IE7'),
('GRLC207-03', 'OFFXP'),
('GRLC207-04', 'FF'),
('GRLC207-04', 'IE7'),
('GRLC207-04', 'OFFXP'),
('GRLC207-05', 'FF'),
('GRLC207-05', 'IE7'),
('GRLC207-05', 'OFFXP'),
('GRLC207-06', 'FF'),
('GRLC207-06', 'IE7'),
('GRLC207-06', 'OFFXP'),
('GRLC207-07', 'FF'),
('GRLC207-07', 'IE7'),
('GRLC207-07', 'OFFXP'),
('GRLC207-08', 'FF'),
('GRLC207-08', 'IE7'),
('GRLC207-08', 'OFFXP'),
('GRLC207-09', 'FF'),
('GRLC207-09', 'IE7'),
('GRLC207-09', 'OFFXP'),
('GRLC207-10', 'FF'),
('GRLC207-10', 'IE7'),
('GRLC207-10', 'OFFXP'),
('GRLC207-11', 'FF'),
('GRLC207-11', 'IE7'),
('GRLC207-11', 'OFFXP'),
('GRLC207-12', 'FF'),
('GRLC207-12', 'IE7'),
('GRLC207-12', 'OFFXP'),
('GRLC207-13', 'FF'),
('GRLC207-13', 'IE7'),
('GRLC207-13', 'OFFXP'),
('GRLC207-14', 'FF'),
('GRLC207-14', 'IE7'),
('GRLC207-14', 'OFFXP'),
('GRLC207-15', 'FF'),
('GRLC207-15', 'IE7'),
('GRLC207-15', 'OFFXP'),
('GRLC207-16', 'FF'),
('GRLC207-16', 'IE7'),
('GRLC207-16', 'OFFXP'),
('GSS003', 'CS'),
('GSS003', 'EG'),
('GSS003', 'GI'),
('GSS003', 'HS'),
('GSS003', 'MM'),
('GSS003', 'PP'),
('GSS003', 'PS'),
('GSS101-01', 'FF'),
('GSS101-01', 'SOFF'),
('GSS101-02', 'FF'),
('GSS101-02', 'SOFF'),
('GSS101-03', 'FF'),
('GSS101-03', 'SOFF'),
('GSS101-04', 'FF'),
('GSS101-04', 'SOFF'),
('GSS101-05', 'FF'),
('GSS101-05', 'SOFF'),
('GSS101-06', 'FF'),
('GSS101-06', 'SOFF'),
('GSS101-07', 'FF'),
('GSS101-07', 'SOFF'),
('GSS101-08', 'FF'),
('GSS101-08', 'SOFF'),
('GSS101-09', 'FF'),
('GSS101-09', 'SOFF'),
('GSS101-10', 'FF'),
('GSS101-10', 'SOFF'),
('GSS101-11', 'FF'),
('GSS101-11', 'SOFF'),
('GSS101-12', 'FF'),
('GSS101-12', 'SOFF'),
('GSS102-01', 'FF'),
('GSS102-01', 'SOFF'),
('GSS102-02', 'FF'),
('GSS102-02', 'SOFF'),
('GSS102-03', 'FF'),
('GSS102-03', 'SOFF'),
('GSS102-04', 'FF'),
('GSS102-04', 'SOFF'),
('GSS102-05', 'FF'),
('GSS102-05', 'SOFF'),
('GSS102-06', 'FF'),
('GSS102-06', 'SOFF'),
('GSS102-07', 'FF'),
('GSS102-07', 'SOFF'),
('GSS102-08', 'FF'),
('GSS102-08', 'SOFF'),
('GSS102-09', 'FF'),
('GSS102-09', 'SOFF'),
('GSS102-10', 'FF'),
('GSS102-10', 'SOFF'),
('GSS102-11', 'FF'),
('GSS102-11', 'SOFF'),
('GSS102-12', 'FF'),
('GSS102-12', 'SOFF'),
('GSS102-13', 'FF'),
('GSS102-13', 'SOFF'),
('GSS102-14', 'FF'),
('GSS102-14', 'SOFF'),
('GSS103-01', 'FF'),
('GSS103-01', 'SOFF'),
('GSS103-02', 'FF'),
('GSS103-02', 'SOFF'),
('GSS103-03', 'FF'),
('GSS103-03', 'SOFF'),
('GSS103-04', 'FF'),
('GSS103-04', 'SOFF'),
('GSS103-05', 'FF'),
('GSS103-05', 'SOFF'),
('GSS103-06', 'FF'),
('GSS103-06', 'SOFF'),
('GSS103-07', 'FF'),
('GSS103-07', 'SOFF'),
('GSS103-08', 'FF'),
('GSS103-08', 'SOFF'),
('GSS103-09', 'FF'),
('GSS103-09', 'SOFF'),
('GSS103-10', 'FF'),
('GSS103-10', 'SOFF'),
('GSS103-11', 'FF'),
('GSS103-11', 'SOFF'),
('GSS103-12', 'FF'),
('GSS103-12', 'SOFF'),
('GSS103-13', 'FF'),
('GSS103-13', 'SOFF'),
('GSS103-14', 'FF'),
('GSS103-14', 'SOFF'),
('GSS103-99', 'FF'),
('GSS103-99', 'SOFF'),
('GSS104-01', 'FF'),
('GSS104-01', 'SOFF'),
('GSS104-02', 'FF'),
('GSS104-02', 'SOFF'),
('GSS104-03', 'FF'),
('GSS104-03', 'SOFF'),
('GSS104-04', 'FF'),
('GSS104-04', 'SOFF'),
('GSS104-05', 'FF'),
('GSS104-05', 'SOFF'),
('GSS104-06', 'FF'),
('GSS104-06', 'SOFF'),
('GSS104-07', 'FF'),
('GSS104-07', 'SOFF'),
('GSS104-08', 'FF'),
('GSS104-08', 'SOFF'),
('GSS104-09', 'FF'),
('GSS104-09', 'SOFF'),
('GSS104-10', 'FF'),
('GSS104-10', 'SOFF'),
('GSS104-11', 'FF'),
('GSS104-11', 'SOFF'),
('GSS104-12', 'FF'),
('GSS104-12', 'SOFF'),
('GSS104-13', 'FF'),
('GSS104-13', 'SOFF'),
('GSS104-14', 'FF'),
('GSS104-14', 'SOFF'),
('GSS104-15', 'FF'),
('GSS104-15', 'SOFF'),
('GSS104-16', 'FF'),
('GSS104-16', 'SOFF'),
('GSS104-17', 'FF'),
('GSS104-17', 'SOFF'),
('GSS104-18', 'FF'),
('GSS104-18', 'SOFF'),
('GTN003', 'AS'),
('GTN003', 'BB'),
('GTN003', 'CC'),
('GTN003', 'CG'),
('GTN003', 'EdPrf'),
('GTN003', 'EP'),
('GTN003', 'ET'),
('GTN003', 'GI'),
('GTN003', 'HE'),
('GTN003', 'HV'),
('GTN003', 'IET'),
('GTN003', 'IM'),
('GTN003', 'LG'),
('GTN003', 'MM'),
('GTN003', 'OS'),
('GTN003', 'PCG'),
('GTN003', 'PP'),
('GTN003', 'PS'),
('GTN003', 'SG'),
('GTN003', 'SP+'),
('GTN003', 'TE'),
('GTN003', 'TT'),
('GTN003', 'UM'),
('GTN003', 'VT'),
('GTNA012-01', 'IE7'),
('GTNA012-01', 'OFFXP'),
('GTNA012-02', 'IE7'),
('GTNA012-02', 'OFFXP'),
('GTNA012-03', 'IE7'),
('GTNA012-03', 'OFFXP'),
('GTNA012-04', 'IE7'),
('GTNA012-04', 'OFFXP'),
('GTNA012-05', 'IE7'),
('GTNA012-05', 'OFFXP'),
('GTNA012-06', 'IE7'),
('GTNA012-06', 'OFFXP'),
('GTNA012-07', 'IE7'),
('GTNA012-07', 'OFFXP'),
('GTNA012-08', 'IE7'),
('GTNA012-08', 'OFFXP'),
('GTNA012-09', 'IE7'),
('GTNA012-09', 'OFFXP'),
('GTNA012-10', 'IE7'),
('GTNA012-10', 'OFFXP'),
('GTNA012-11', 'IE7'),
('GTNA012-11', 'OFFXP'),
('GTNA012-12', 'IE7'),
('GTNA012-12', 'OFFXP'),
('GTNA012-13', 'IE7'),
('GTNA012-13', 'OFFXP'),
('GTNA012-14', 'IE7'),
('GTNA012-14', 'OFFXP'),
('GTNA012-15', 'IE7'),
('GTNA012-15', 'OFFXP'),
('GTNA012-16', 'IE7'),
('GTNA012-16', 'OFFXP'),
('GTNA012-17', 'IE7'),
('GTNA012-17', 'OFFXP'),
('GTNA012-18', 'IE7'),
('GTNA012-18', 'OFFXP'),
('GTNA013-01', 'IE7'),
('GTNA013-01', 'OFF2K3'),
('GTNA013-02', 'IE7'),
('GTNA013-02', 'OFF2K3'),
('GTNA013-03', 'IE7'),
('GTNA013-03', 'OFF2K3'),
('GTNA013-04', 'IE7'),
('GTNA013-04', 'OFF2K3'),
('GTNA013-05', 'IE7'),
('GTNA013-05', 'OFF2K3'),
('GTNA013-06', 'IE7'),
('GTNA013-06', 'OFF2K3'),
('GTNA013-07', 'IE7'),
('GTNA013-07', 'OFF2K3'),
('GTNA013-08', 'IE7'),
('GTNA013-08', 'OFF2K3'),
('GTNA013-09', 'IE7'),
('GTNA013-09', 'OFF2K3'),
('GTNA013-10', 'IE7'),
('GTNA013-10', 'OFF2K3'),
('GTNA013-11', 'IE7'),
('GTNA013-11', 'OFF2K3'),
('GTNA013-12', 'IE7'),
('GTNA013-12', 'OFF2K3'),
('GTNA013-13', 'IE7'),
('GTNA013-13', 'OFF2K3'),
('GTNA013-14', 'IE7'),
('GTNA013-14', 'OFF2K3'),
('GTNA013-15', 'IE7'),
('GTNA013-15', 'OFF2K3'),
('GTNA013-16', 'IE7'),
('GTNA013-16', 'OFF2K3'),
('GTNA013-17', 'IE7'),
('GTNA013-17', 'OFF2K3'),
('GTNA013-18', 'IE7'),
('GTNA013-18', 'OFF2K3'),
('GTNA013-19', 'IE7'),
('GTNA013-19', 'OFF2K3'),
('GTNA013-20', 'IE7'),
('GTNA013-20', 'OFF2K3'),
('GTNA013-99', 'IE7'),
('GTNA013-99', 'OFF2K3'),
('GTNA014-01', 'IE7'),
('GTNA014-01', 'OFFXP'),
('GTNA014-02', 'IE7'),
('GTNA014-02', 'OFFXP'),
('GTNA014-03', 'IE7'),
('GTNA014-03', 'OFFXP'),
('GTNA014-04', 'IE7'),
('GTNA014-04', 'OFFXP'),
('GTNA014-05', 'IE7'),
('GTNA014-05', 'OFFXP'),
('GTNA014-06', 'IE7'),
('GTNA014-06', 'OFFXP'),
('GTNA014-07', 'IE7'),
('GTNA014-07', 'OFFXP'),
('GTNA014-08', 'IE7'),
('GTNA014-08', 'OFFXP'),
('GTNA014-09', 'IE7'),
('GTNA014-09', 'OFFXP'),
('GTNA014-10', 'IE7'),
('GTNA014-10', 'OFFXP'),
('GTNA014-11', 'IE7'),
('GTNA014-11', 'OFFXP'),
('GTNA014-12', 'IE7'),
('GTNA014-12', 'OFFXP'),
('GTNA014-13', 'IE7'),
('GTNA014-13', 'OFFXP'),
('GTNA014-14', 'IE7'),
('GTNA014-14', 'OFFXP'),
('GTNA014-15', 'IE7'),
('GTNA014-15', 'OFFXP'),
('GTNA014-16', 'IE7'),
('GTNA014-16', 'OFFXP'),
('GTNA014-17', 'IE7'),
('GTNA014-17', 'OFFXP'),
('GTNA014-18', 'IE7'),
('GTNA014-18', 'OFFXP'),
('GTNA014-99', 'IE7'),
('GTNA014-99', 'OFFXP'),
('GTV001', 'CC'),
('GTV001', 'CS'),
('GTV001', 'EG'),
('GTV001', 'EP'),
('GTV001', 'GI'),
('GTV001', 'HS'),
('GTV001', 'HV'),
('GTV001', 'IET'),
('GTV001', 'MM'),
('GTV001', 'PCG'),
('GTV001', 'PP'),
('GTV001', 'PS'),
('GTV001', 'SG'),
('GTV001', 'SP+'),
('GTV001', 'TE'),
('GTV001', 'TT'),
('GTV001', 'VT'),
('GTV101-01', 'FF'),
('GTV101-01', 'SOFF'),
('GTV101-02', 'FF'),
('GTV101-02', 'SOFF'),
('GTV101-03', 'FF'),
('GTV101-03', 'SOFF'),
('GTV101-04', 'FF'),
('GTV101-04', 'SOFF'),
('GTV101-05', 'FF'),
('GTV101-05', 'SOFF'),
('GTV101-06', 'FF'),
('GTV101-06', 'SOFF'),
('GTV101-07', 'FF'),
('GTV101-07', 'SOFF'),
('GTV101-08', 'FF'),
('GTV101-08', 'SOFF'),
('GTV101-09', 'FF'),
('GTV101-09', 'SOFF'),
('GTV101-10', 'FF'),
('GTV101-10', 'SOFF'),
('GTV101-11', 'FF'),
('GTV101-11', 'SOFF'),
('GTV101-12', 'FF'),
('GTV101-12', 'SOFF'),
('GTV101-13', 'FF'),
('GTV101-13', 'SOFF'),
('GTV101-14', 'FF'),
('GTV101-14', 'SOFF'),
('GTV101-15', 'FF'),
('GTV101-15', 'SOFF'),
('GTV101-16', 'FF'),
('GTV101-16', 'SOFF'),
('GTV101-99', 'FF'),
('GTV101-99', 'SOFF'),
('GTV201-01', 'FF'),
('GTV201-01', 'IE7'),
('GTV201-01', 'OFF2K3'),
('GTV201-02', 'FF'),
('GTV201-02', 'IE7'),
('GTV201-02', 'OFF2K3'),
('GTV201-03', 'FF'),
('GTV201-03', 'IE7'),
('GTV201-03', 'OFF2K3'),
('GTV201-04', 'FF'),
('GTV201-04', 'IE7'),
('GTV201-04', 'OFF2K3'),
('GTV201-05', 'FF'),
('GTV201-05', 'IE7'),
('GTV201-05', 'OFF2K3'),
('GTV201-06', 'FF'),
('GTV201-06', 'IE7'),
('GTV201-06', 'OFF2K3'),
('GTV201-07', 'FF'),
('GTV201-07', 'IE7'),
('GTV201-07', 'OFF2K3'),
('GTV201-08', 'FF'),
('GTV201-08', 'IE7'),
('GTV201-08', 'OFF2K3'),
('GTV201-09', 'FF'),
('GTV201-09', 'IE7'),
('GTV201-09', 'OFF2K3'),
('GTV201-10', 'FF'),
('GTV201-10', 'IE7'),
('GTV201-10', 'OFF2K3'),
('GTV201-11', 'FF'),
('GTV201-11', 'IE7'),
('GTV201-11', 'OFF2K3'),
('GTV201-12', 'FF'),
('GTV201-12', 'IE7'),
('GTV201-12', 'OFF2K3'),
('GTV201-13', 'FF'),
('GTV201-13', 'IE7'),
('GTV201-13', 'OFF2K3'),
('GTV201-14', 'FF'),
('GTV201-14', 'IE7'),
('GTV201-14', 'OFF2K3'),
('GTV201-15', 'FF'),
('GTV201-15', 'IE7'),
('GTV201-15', 'OFF2K3'),
('HFK002', 'SQL2005'),
('HFK003', 'AP'),
('HFK003', 'MYSQL'),
('HFK003', 'ProfSup'),
('HFK005', 'EX'),
('HFKADM-1', 'IE8'),
('HFKADM-1', 'LL+'),
('HFKADM-1', 'OFF2K7'),
('HFKADM-2', 'IE8'),
('HFKADM-2', 'LL+'),
('HFKADM-2', 'OFF2K7'),
('HFKADM-3', 'IE8'),
('HFKADM-3', 'LL+'),
('HFKADM-3', 'OFF2K7'),
('HFKADM-4', 'IE8'),
('HFKADM-4', 'LL+'),
('HFKADM-4', 'OFF2K7'),
('HFKINK-1', 'ExInk'),
('HFKINK-1', 'IE8'),
('HFKINK-1', 'OFF2K7'),
('HFKINK-2', 'ExInk'),
('HFKINK-2', 'FF'),
('HFKINK-2', 'OFF2K7'),
('HFKRES', 'IE8'),
('HFKRES', 'OFF2K7');

-- --------------------------------------------------------

--
-- Tabelstructuur voor tabel `cmdb_hardware`
--

CREATE TABLE IF NOT EXISTS `cmdb_hardware` (
  `Hardware_ID` varchar(32) NOT NULL DEFAULT '',
  `HardwareType_ID` int(11) DEFAULT NULL,
  `HardwareLocatie_ID` int(11) DEFAULT NULL,
  `HardwareOS_ID` varchar(32) DEFAULT NULL,
  `HardwareOntwikkelaar_ID` int(11) DEFAULT NULL,
  `HardwareLeverancier_ID` int(11) DEFAULT NULL,
  `HardwareAankoopJaar` year(4) DEFAULT NULL,
  PRIMARY KEY (`Hardware_ID`),
  KEY `FKOntwikkelaarHardware` (`HardwareOntwikkelaar_ID`),
  KEY `FKLeverancierHardware` (`HardwareLeverancier_ID`),
  KEY `FKTypeHardware` (`HardwareType_ID`),
  KEY `FKLocatieHardware` (`HardwareLocatie_ID`),
  KEY `FKSoftwareHardwareOS` (`HardwareOS_ID`),
  KEY `Hardware_ID` (`Hardware_ID`)
) ENGINE=InnoDB DEFAULT CHARSET=latin1;

--
-- Gegevens worden uitgevoerd voor tabel `cmdb_hardware`
--

INSERT INTO `cmdb_hardware` (`Hardware_ID`, `HardwareType_ID`, `HardwareLocatie_ID`, `HardwareOS_ID`, `HardwareOntwikkelaar_ID`, `HardwareLeverancier_ID`, `HardwareAankoopJaar`) VALUES
('ANLH01', 48, 1, NULL, 1, 1, 2007),
('ANLM01', 49, 1, NULL, 2, 1, 2009),
('ANLP01', 50, 1, NULL, 3, 1, 2007),
('ANLW01', 51, 1, 'WXP', 4, 1, 2006),
('ANLW02', 51, 1, 'WXP', 5, 1, 2007),
('ANLW03', 51, 1, 'WXP', 5, 1, 2007),
('ANLXXXX', NULL, NULL, NULL, NULL, NULL, NULL),
('BHFK002', 52, 2, 'UNIX', 6, 1, 2007),
('BHFK003', 52, 3, 'LX5', 7, 1, 2007),
('BHFKXXXX', NULL, NULL, NULL, NULL, NULL, NULL),
('BRG001', 52, 4, 'W2K3S', 5, 1, 2007),
('BRG002', 52, 4, 'WXP', 5, 1, 2008),
('BRG003', 52, 4, 'W2K8S', 7, 1, 2009),
('BRG004', 48, 4, NULL, 8, 2, 2006),
('BRGA111-01', 51, 4, 'WXP', 9, 1, 2008),
('BRGA111-02', 51, 4, 'WXP', 9, 1, 2008),
('BRGA111-03', 51, 4, 'WXP', 9, 1, 2008),
('BRGA111-04', 51, 4, 'WXP', 9, 1, 2008),
('BRGA111-05', 51, 4, 'WXP', 9, 1, 2008),
('BRGA111-06', 51, 4, 'WXP', 9, 1, 2008),
('BRGA111-07', 51, 4, 'WXP', 9, 1, 2008),
('BRGA111-08', 51, 4, 'WXP', 9, 1, 2008),
('BRGA111-09', 51, 4, 'WXP', 9, 1, 2008),
('BRGA111-10', 51, 4, 'WXP', 9, 1, 2008),
('BRGA111-11', 51, 4, 'WXP', 9, 1, 2008),
('BRGA111-12', 51, 4, 'WXP', 9, 1, 2008),
('BRGA111-13', 51, 4, 'WXP', 9, 1, 2008),
('BRGA111-14', 51, 4, 'WXP', 9, 1, 2008),
('BRGA111-15', 51, 4, 'WXP', 9, 1, 2008),
('BRGA111-16', 51, 4, 'WXP', 9, 1, 2008),
('BRGA112-01', 51, 4, 'WXP', 9, 1, 2008),
('BRGA112-02', 51, 4, 'WXP', 9, 1, 2008),
('BRGA112-03', 51, 4, 'WXP', 9, 1, 2008),
('BRGA112-04', 51, 4, 'WXP', 9, 1, 2008),
('BRGA112-05', 51, 4, 'WXP', 9, 1, 2008),
('BRGA112-06', 51, 4, 'WXP', 9, 1, 2008),
('BRGA112-07', 51, 4, 'WXP', 9, 1, 2008),
('BRGA112-08', 51, 4, 'WXP', 9, 1, 2008),
('BRGA112-09', 51, 4, 'WXP', 9, 1, 2008),
('BRGA112-10', 51, 4, 'WXP', 9, 1, 2008),
('BRGA112-11', 51, 4, 'WXP', 9, 1, 2008),
('BRGA112-12', 51, 4, 'WXP', 9, 1, 2008),
('BRGA112-13', 51, 4, 'WXP', 9, 1, 2008),
('BRGA112-14', 51, 4, 'WXP', 9, 1, 2008),
('BRGA112-15', 51, 4, 'WXP', 9, 1, 2008),
('BRGA112-16', 51, 4, 'WXP', 9, 1, 2008),
('BRGA112-99', 51, 4, 'WXP', 9, 1, 2008),
('BRGD123-01', 51, 4, 'WXP', 9, 3, 2007),
('BRGD123-02', 51, 4, 'WXP', 9, 3, 2007),
('BRGD123-03', 51, 4, 'WXP', 9, 3, 2007),
('BRGD123-04', 51, 4, 'WXP', 9, 3, 2007),
('BRGD123-05', 51, 4, 'WXP', 9, 3, 2007),
('BRGD123-06', 51, 4, 'WXP', 9, 3, 2007),
('BRGD123-07', 51, 4, 'WXP', 9, 3, 2007),
('BRGD123-08', 51, 4, 'WXP', 9, 3, 2007),
('BRGD123-09', 51, 4, 'WXP', 9, 3, 2007),
('BRGD123-10', 51, 4, 'WXP', 9, 3, 2007),
('BRGD123-11', 51, 4, 'WXP', 9, 3, 2007),
('BRGD123-12', 51, 4, 'WXP', 9, 3, 2007),
('BRGD123-13', 51, 4, 'WXP', 9, 3, 2007),
('BRGD123-14', 51, 4, 'WXP', 9, 3, 2007),
('BRGD123-15', 51, 4, 'WXP', 9, 3, 2007),
('BRGD123-16', 51, 4, 'WXP', 9, 3, 2007),
('BRGD125-01', 51, 4, 'LX5', 9, 3, 2009),
('BRGD125-02', 51, 4, 'LX5', 9, 3, 2009),
('BRGD125-03', 51, 4, 'LX5', 9, 3, 2009),
('BRGD125-04', 51, 4, 'LX5', 9, 3, 2009),
('BRGD125-05', 51, 4, 'LX5', 9, 3, 2009),
('BRGD125-06', 51, 4, 'LX5', 9, 3, 2009),
('BRGD125-07', 51, 4, 'LX5', 9, 3, 2009),
('BRGD125-08', 51, 4, 'LX5', 9, 3, 2009),
('BRGD125-09', 51, 4, 'LX5', 9, 3, 2009),
('BRGD125-10', 51, 4, 'LX5', 9, 3, 2009),
('BRGD125-11', 51, 4, 'LX5', 9, 3, 2009),
('BRGD125-12', 51, 4, 'LX5', 9, 3, 2009),
('BRGD125-13', 51, 4, 'LX5', 9, 3, 2009),
('BRGD125-14', 51, 4, 'LX5', 9, 3, 2009),
('BRGD125-15', 51, 4, 'LX5', 9, 3, 2009),
('BRGD125-16', 51, 4, 'LX5', 9, 3, 2009),
('BRGD125-99', 51, 4, 'LX5', 9, 3, 2009),
('BRGD127-01', 51, 4, 'WXP', 10, 4, 2006),
('BRGD127-02', 51, 4, 'WXP', 10, 4, 2006),
('BRGD127-03', 51, 4, 'WXP', 10, 4, 2006),
('BRGD127-04', 51, 4, 'WXP', 10, 4, 2006),
('BRGD127-05', 51, 4, 'WXP', 10, 4, 2006),
('BRGD127-06', 51, 4, 'WXP', 10, 4, 2006),
('BRGD127-07', 51, 4, 'WXP', 10, 4, 2006),
('BRGD127-08', 51, 4, 'WXP', 10, 4, 2006),
('BRGD127-09', 51, 4, 'WXP', 10, 4, 2006),
('BRGD127-10', 51, 4, 'WXP', 10, 4, 2006),
('BRGD127-11', 51, 4, 'WXP', 10, 4, 2006),
('BRGD127-12', 51, 4, 'WXP', 10, 4, 2006),
('BRGD127-13', 51, 4, 'WXP', 10, 4, 2006),
('BRGD127-14', 51, 4, 'WXP', 10, 4, 2006),
('BRGD127-15', 51, 4, 'WXP', 10, 4, 2006),
('BRGD127-16', 51, 4, 'WXP', 10, 4, 2006),
('BRGF01', 53, 4, NULL, 11, 2, 2007),
('BRGP01', 50, 4, NULL, 12, 1, 2007),
('BRGP02', 50, 4, NULL, 7, 1, 2006),
('BRGR01', 54, 4, NULL, 13, 1, 2008),
('BRGXXXX', NULL, NULL, NULL, NULL, NULL, NULL),
('Glasring', NULL, 8, NULL, NULL, NULL, NULL),
('GRL001', 52, 2, 'WXP', 5, 5, 2007),
('GRL002', 52, 2, 'W2K8S', 5, 5, 2008),
('GRL003', 52, 2, 'W2K3S', 5, 5, 2007),
('GRL004', 48, 2, NULL, 13, 5, 2007),
('GRLA112-01', 51, 2, 'WXP', 14, 6, 2006),
('GRLA112-02', 51, 2, 'WXP', 14, 6, 2006),
('GRLA112-03', 51, 2, 'WXP', 14, 6, 2006),
('GRLA112-04', 51, 2, 'WXP', 14, 6, 2006),
('GRLA112-05', 51, 2, 'WXP', 14, 6, 2006),
('GRLA112-06', 51, 2, 'WXP', 14, 6, 2006),
('GRLA112-07', 51, 2, 'WXP', 14, 6, 2006),
('GRLA112-08', 51, 2, 'WXP', 14, 6, 2006),
('GRLA112-09', 51, 2, 'WXP', 14, 6, 2006),
('GRLA112-10', 51, 2, 'WXP', 14, 6, 2006),
('GRLA112-11', 51, 2, 'WXP', 14, 6, 2006),
('GRLA112-12', 51, 2, 'WXP', 14, 6, 2006),
('GRLA112-13', 51, 2, 'WXP', 14, 6, 2006),
('GRLA112-14', 51, 2, 'WXP', 14, 6, 2006),
('GRLA112-15', 51, 2, 'WXP', 14, 6, 2006),
('GRLA112-16', 51, 2, 'WXP', 14, 6, 2006),
('GRLA115-01', 51, 2, 'WXP', 14, 6, 2009),
('GRLA115-02', 51, 2, 'WXP', 14, 6, 2009),
('GRLA115-03', 51, 2, 'WXP', 14, 6, 2009),
('GRLA115-04', 51, 2, 'WXP', 14, 6, 2009),
('GRLA115-05', 51, 2, 'WXP', 14, 6, 2009),
('GRLA115-06', 51, 2, 'WXP', 14, 6, 2009),
('GRLA115-07', 51, 2, 'WXP', 14, 6, 2009),
('GRLA115-08', 51, 2, 'WXP', 14, 6, 2009),
('GRLA115-09', 51, 2, 'WXP', 14, 6, 2009),
('GRLA115-10', 51, 2, 'WXP', 14, 6, 2009),
('GRLA115-11', 51, 2, 'WXP', 14, 6, 2009),
('GRLA115-12', 51, 2, 'WXP', 14, 6, 2009),
('GRLA115-13', 51, 2, 'WXP', 14, 6, 2009),
('GRLA115-14', 51, 2, 'WXP', 14, 6, 2009),
('GRLA115-15', 51, 2, 'WXP', 14, 6, 2009),
('GRLA115-16', 51, 2, 'WXP', 14, 6, 2009),
('GRLA115-99', 51, 2, 'WXP', 14, 6, 2009),
('GRLB107-01', 51, 2, 'WXP', 10, 3, 2006),
('GRLB107-02', 51, 2, 'WXP', 10, 3, 2006),
('GRLB107-03', 51, 2, 'WXP', 10, 3, 2006),
('GRLB107-04', 51, 2, 'WXP', 10, 3, 2006),
('GRLB107-05', 51, 2, 'WXP', 10, 3, 2006),
('GRLB107-06', 51, 2, 'WXP', 10, 3, 2006),
('GRLB107-07', 51, 2, 'WXP', 10, 3, 2006),
('GRLB107-08', 51, 2, 'WXP', 10, 3, 2006),
('GRLB107-09', 51, 2, 'WXP', 10, 3, 2006),
('GRLB107-10', 51, 2, 'WXP', 10, 3, 2006),
('GRLB107-11', 51, 2, 'WXP', 10, 3, 2006),
('GRLB107-12', 51, 2, 'WXP', 10, 3, 2006),
('GRLB107-13', 51, 2, 'WXP', 10, 3, 2006),
('GRLB107-14', 51, 2, 'WXP', 10, 3, 2006),
('GRLB107-15', 51, 2, 'WXP', 10, 3, 2006),
('GRLB107-16', 51, 2, 'WXP', 10, 3, 2006),
('GRLC203-01', 51, 2, 'WXP', 5, 5, 2007),
('GRLC203-02', 51, 2, 'WXP', 5, 5, 2007),
('GRLC203-03', 51, 2, 'WXP', 5, 5, 2007),
('GRLC203-04', 51, 2, 'WXP', 5, 5, 2007),
('GRLC203-05', 51, 2, 'WXP', 5, 5, 2007),
('GRLC203-06', 51, 2, 'WXP', 5, 5, 2007),
('GRLC203-07', 51, 2, 'WXP', 5, 5, 2007),
('GRLC203-08', 51, 2, 'WXP', 5, 5, 2007),
('GRLC203-09', 51, 2, 'WXP', 5, 5, 2007),
('GRLC203-10', 51, 2, 'WXP', 5, 5, 2007),
('GRLC203-11', 51, 2, 'WXP', 5, 5, 2007),
('GRLC203-12', 51, 2, 'WXP', 5, 5, 2007),
('GRLC203-13', 51, 2, 'WXP', 5, 5, 2007),
('GRLC203-14', 51, 2, 'WXP', 5, 5, 2007),
('GRLC203-15', 51, 2, 'WXP', 5, 5, 2007),
('GRLC203-16', 51, 2, 'WXP', 5, 5, 2007),
('GRLC205-01', 51, 2, 'WXP', 5, 5, 2007),
('GRLC205-02', 51, 2, 'WXP', 5, 5, 2007),
('GRLC205-03', 51, 2, 'WXP', 5, 5, 2007),
('GRLC205-04', 51, 2, 'WXP', 5, 5, 2007),
('GRLC205-05', 51, 2, 'WXP', 5, 5, 2007),
('GRLC205-06', 51, 2, 'WXP', 5, 5, 2007),
('GRLC205-07', 51, 2, 'WXP', 5, 5, 2007),
('GRLC205-08', 51, 2, 'WXP', 5, 5, 2007),
('GRLC205-09', 51, 2, 'WXP', 5, 5, 2007),
('GRLC205-10', 51, 2, 'WXP', 5, 5, 2007),
('GRLC205-11', 51, 2, 'WXP', 5, 5, 2007),
('GRLC205-12', 51, 2, 'WXP', 5, 5, 2007),
('GRLC205-13', 51, 2, 'WXP', 5, 5, 2007),
('GRLC205-14', 51, 2, 'WXP', 5, 5, 2007),
('GRLC205-15', 51, 2, 'WXP', 5, 5, 2007),
('GRLC205-16', 51, 2, 'WXP', 5, 5, 2007),
('GRLC205-99', 51, 2, 'WXP', 5, 5, 2007),
('GRLC207-01', 51, 2, 'WXP', 10, 3, 2009),
('GRLC207-02', 51, 2, 'WXP', 10, 3, 2009),
('GRLC207-03', 51, 2, 'WXP', 10, 3, 2009),
('GRLC207-04', 51, 2, 'WXP', 10, 3, 2009),
('GRLC207-05', 51, 2, 'WXP', 10, 3, 2009),
('GRLC207-06', 51, 2, 'WXP', 10, 3, 2009),
('GRLC207-07', 51, 2, 'WXP', 10, 3, 2009),
('GRLC207-08', 51, 2, 'WXP', 10, 3, 2009),
('GRLC207-09', 51, 2, 'WXP', 10, 3, 2009),
('GRLC207-10', 51, 2, 'WXP', 10, 3, 2009),
('GRLC207-11', 51, 2, 'WXP', 10, 3, 2009),
('GRLC207-12', 51, 2, 'WXP', 10, 3, 2009),
('GRLC207-13', 51, 2, 'WXP', 10, 3, 2009),
('GRLC207-14', 51, 2, 'WXP', 10, 3, 2009),
('GRLC207-15', 51, 2, 'WXP', 10, 3, 2009),
('GRLC207-16', 51, 2, 'WXP', 10, 3, 2009),
('GRLF01', 53, 2, NULL, 13, 5, 2008),
('GRLP01', 50, 2, NULL, 7, 5, 2006),
('GRLP02', 50, 2, NULL, 15, 5, 2006),
('GRLP03', 55, 2, NULL, 15, 5, 2006),
('GRLR01', 54, 2, NULL, 13, 5, 2008),
('GRLXXXX', NULL, NULL, NULL, NULL, NULL, NULL),
('GSS001', 48, 5, NULL, 16, 2, 2008),
('GSS002', 52, 5, 'UNIX', 4, 1, 2007),
('GSS003', 52, 5, 'LX5', 4, 1, 2009),
('GSS101-01', 51, 5, 'LX8', 9, 2, 2006),
('GSS101-02', 51, 5, 'LX8', 9, 2, 2006),
('GSS101-03', 51, 5, 'LX8', 9, 2, 2006),
('GSS101-04', 51, 5, 'LX8', 9, 2, 2006),
('GSS101-05', 51, 5, 'LX8', 9, 2, 2006),
('GSS101-06', 51, 5, 'LX8', 9, 2, 2006),
('GSS101-07', 51, 5, 'LX8', 9, 2, 2006),
('GSS101-08', 51, 5, 'LX8', 9, 2, 2006),
('GSS101-09', 51, 5, 'LX8', 9, 2, 2006),
('GSS101-10', 51, 5, 'LX8', 9, 2, 2006),
('GSS101-11', 51, 5, 'LX8', 9, 2, 2006),
('GSS101-12', 51, 5, 'LX8', 9, 2, 2006),
('GSS102-01', 51, 5, 'LX5', 4, 2, 2008),
('GSS102-02', 51, 5, 'LX5', 4, 2, 2008),
('GSS102-03', 51, 5, 'LX5', 4, 2, 2008),
('GSS102-04', 51, 5, 'LX5', 4, 2, 2008),
('GSS102-05', 51, 5, 'LX5', 4, 2, 2008),
('GSS102-06', 51, 5, 'LX5', 4, 2, 2008),
('GSS102-07', 51, 5, 'LX5', 4, 2, 2008),
('GSS102-08', 51, 5, 'LX5', 4, 2, 2008),
('GSS102-09', 51, 5, 'LX5', 4, 2, 2008),
('GSS102-10', 51, 5, 'LX5', 4, 2, 2008),
('GSS102-11', 51, 5, 'LX5', 4, 2, 2008),
('GSS102-12', 51, 5, 'LX5', 4, 2, 2008),
('GSS102-13', 51, 5, 'LX5', 4, 2, 2008),
('GSS102-14', 51, 5, 'LX5', 4, 2, 2008),
('GSS103-01', 51, 5, 'LX5', 4, 2, 2008),
('GSS103-02', 51, 5, 'LX5', 4, 2, 2008),
('GSS103-03', 51, 5, 'LX5', 4, 2, 2008),
('GSS103-04', 51, 5, 'LX5', 4, 2, 2008),
('GSS103-05', 51, 5, 'LX5', 4, 2, 2008),
('GSS103-06', 51, 5, 'LX5', 4, 2, 2008),
('GSS103-07', 51, 5, 'LX5', 4, 2, 2008),
('GSS103-08', 51, 5, 'LX5', 4, 2, 2008),
('GSS103-09', 51, 5, 'LX5', 4, 2, 2008),
('GSS103-10', 51, 5, 'LX5', 4, 2, 2008),
('GSS103-11', 51, 5, 'LX5', 4, 2, 2008),
('GSS103-12', 51, 5, 'LX5', 4, 2, 2008),
('GSS103-13', 51, 5, 'LX5', 4, 2, 2008),
('GSS103-14', 51, 5, 'LX5', 4, 2, 2008),
('GSS103-99', 51, 5, 'LX5', 4, 2, 2008),
('GSS104-01', 51, 5, 'LX5', 5, 5, 2007),
('GSS104-02', 51, 5, 'LX5', 5, 5, 2007),
('GSS104-03', 51, 5, 'LX5', 5, 5, 2007),
('GSS104-04', 51, 5, 'LX5', 5, 5, 2007),
('GSS104-05', 51, 5, 'LX5', 5, 5, 2007),
('GSS104-06', 51, 5, 'LX5', 5, 5, 2007),
('GSS104-07', 51, 5, 'LX5', 5, 5, 2007),
('GSS104-08', 51, 5, 'LX5', 5, 5, 2007),
('GSS104-09', 51, 5, 'LX5', 5, 5, 2007),
('GSS104-10', 51, 5, 'LX5', 5, 5, 2007),
('GSS104-11', 51, 5, 'LX5', 5, 5, 2007),
('GSS104-12', 51, 5, 'LX5', 5, 5, 2007),
('GSS104-13', 51, 5, 'LX5', 5, 5, 2007),
('GSS104-14', 51, 5, 'LX5', 5, 5, 2007),
('GSS104-15', 51, 5, 'LX5', 5, 5, 2007),
('GSS104-16', 51, 5, 'LX5', 5, 5, 2007),
('GSS104-17', 51, 5, 'LX5', 5, 5, 2007),
('GSS104-18', 51, 5, 'LX5', 5, 5, 2007),
('GSSF01', 53, 5, NULL, 11, 5, 2007),
('GSSP01', 50, 5, NULL, 3, 2, 2007),
('GSSP02', 56, 5, NULL, 15, 1, 2008),
('GSSR01', 54, 5, NULL, 1, 2, 2007),
('GSSXXXX', NULL, NULL, NULL, NULL, NULL, NULL),
('GTN001', 52, 6, 'W2K3S', 4, 3, 2009),
('GTN002', 52, 6, 'WXP', 4, 3, 2009),
('GTN003', 52, 6, 'W2K8S', 4, 3, 2009),
('GTN004', 48, 6, NULL, 8, 3, 2006),
('GTNA012-01', 51, 6, 'WXP', 4, 2, 2006),
('GTNA012-02', 51, 6, 'WXP', 4, 2, 2006),
('GTNA012-03', 51, 6, 'WXP', 4, 2, 2006),
('GTNA012-04', 51, 6, 'WXP', 4, 2, 2006),
('GTNA012-05', 51, 6, 'WXP', 4, 2, 2006),
('GTNA012-06', 51, 6, 'WXP', 4, 2, 2006),
('GTNA012-07', 51, 6, 'WXP', 4, 2, 2006),
('GTNA012-08', 51, 6, 'WXP', 4, 2, 2006),
('GTNA012-09', 51, 6, 'WXP', 4, 2, 2006),
('GTNA012-10', 51, 6, 'WXP', 4, 2, 2006),
('GTNA012-11', 51, 6, 'WXP', 4, 2, 2006),
('GTNA012-12', 51, 6, 'WXP', 4, 2, 2006),
('GTNA012-13', 51, 6, 'WXP', 4, 2, 2006),
('GTNA012-14', 51, 6, 'WXP', 4, 2, 2006),
('GTNA012-15', 51, 6, 'WXP', 4, 2, 2006),
('GTNA012-16', 51, 6, 'WXP', 4, 2, 2006),
('GTNA012-17', 51, 6, 'WXP', 4, 2, 2006),
('GTNA012-18', 51, 6, 'WXP', 4, 2, 2006),
('GTNA013-01', 51, 6, 'WXP', 4, 2, 2009),
('GTNA013-02', 51, 6, 'WXP', 4, 2, 2009),
('GTNA013-03', 51, 6, 'WXP', 4, 2, 2009),
('GTNA013-04', 51, 6, 'WXP', 4, 2, 2009),
('GTNA013-05', 51, 6, 'WXP', 4, 2, 2009),
('GTNA013-06', 51, 6, 'WXP', 4, 2, 2009),
('GTNA013-07', 51, 6, 'WXP', 4, 2, 2009),
('GTNA013-08', 51, 6, 'WXP', 4, 2, 2009),
('GTNA013-09', 51, 6, 'WXP', 4, 2, 2009),
('GTNA013-10', 51, 6, 'WXP', 4, 2, 2009),
('GTNA013-11', 51, 6, 'WXP', 4, 2, 2009),
('GTNA013-12', 51, 6, 'WXP', 4, 2, 2009),
('GTNA013-13', 51, 6, 'WXP', 4, 2, 2009),
('GTNA013-14', 51, 6, 'WXP', 4, 2, 2009),
('GTNA013-15', 51, 6, 'WXP', 4, 2, 2009),
('GTNA013-16', 51, 6, 'WXP', 4, 2, 2009),
('GTNA013-17', 51, 6, 'WXP', 4, 2, 2009),
('GTNA013-18', 51, 6, 'WXP', 4, 2, 2009),
('GTNA013-19', 51, 6, 'WXP', 4, 2, 2009),
('GTNA013-20', 51, 6, 'WXP', 4, 2, 2009),
('GTNA013-99', 51, 6, 'WXP', 4, 2, 2009),
('GTNA014-01', 51, 6, 'WXP', 10, 3, 2006),
('GTNA014-02', 51, 6, 'WXP', 10, 3, 2006),
('GTNA014-03', 51, 6, 'WXP', 10, 3, 2006),
('GTNA014-04', 51, 6, 'WXP', 10, 3, 2006),
('GTNA014-05', 51, 6, 'WXP', 10, 3, 2006),
('GTNA014-06', 51, 6, 'WXP', 10, 3, 2006),
('GTNA014-07', 51, 6, 'WXP', 10, 3, 2006),
('GTNA014-08', 51, 6, 'WXP', 10, 3, 2006),
('GTNA014-09', 51, 6, 'WXP', 10, 3, 2006),
('GTNA014-10', 51, 6, 'WXP', 10, 3, 2006),
('GTNA014-11', 51, 6, 'WXP', 10, 3, 2006),
('GTNA014-12', 51, 6, 'WXP', 10, 3, 2006),
('GTNA014-13', 51, 6, 'WXP', 10, 3, 2006),
('GTNA014-14', 51, 6, 'WXP', 10, 3, 2006),
('GTNA014-15', 51, 6, 'WXP', 10, 3, 2006),
('GTNA014-16', 51, 6, 'WXP', 10, 3, 2006),
('GTNA014-17', 51, 6, 'WXP', 10, 3, 2006),
('GTNA014-18', 51, 6, 'WXP', 10, 3, 2006),
('GTNA014-99', 51, 6, 'WXP', 10, 3, 2006),
('GTNF01', 53, 6, NULL, 13, 1, 2007),
('GTNM01', 49, 6, NULL, 2, 1, 2009),
('GTNP01', 50, 6, NULL, 3, 3, 2008),
('GTNR01', 54, 6, NULL, 17, 3, 2008),
('GTNXXXX', NULL, NULL, NULL, NULL, NULL, NULL),
('GTV001', 52, 7, 'LX8', 4, 4, 2007),
('GTV002', 52, 7, 'LX8', 7, 4, 2007),
('GTV101-01', 51, 7, 'LX8', 9, 4, 2007),
('GTV101-02', 51, 7, 'LX8', 9, 4, 2007),
('GTV101-03', 51, 7, 'LX8', 9, 4, 2007),
('GTV101-04', 51, 7, 'LX8', 9, 4, 2007),
('GTV101-05', 51, 7, 'LX8', 9, 4, 2007),
('GTV101-06', 51, 7, 'LX8', 9, 4, 2007),
('GTV101-07', 51, 7, 'LX8', 9, 4, 2007),
('GTV101-08', 51, 7, 'LX8', 9, 4, 2007),
('GTV101-09', 51, 7, 'LX8', 9, 4, 2007),
('GTV101-10', 51, 7, 'LX8', 9, 4, 2007),
('GTV101-11', 51, 7, 'LX8', 9, 4, 2007),
('GTV101-12', 51, 7, 'LX8', 9, 4, 2007),
('GTV101-13', 51, 7, 'LX8', 9, 4, 2007),
('GTV101-14', 51, 7, 'LX8', 9, 4, 2007),
('GTV101-15', 51, 7, 'LX8', 9, 4, 2007),
('GTV101-16', 51, 7, 'LX8', 9, 4, 2007),
('GTV101-99', 51, 7, 'LX8', 9, 4, 2007),
('GTV201-01', 51, 7, 'WXP', 4, 3, 2007),
('GTV201-02', 51, 7, 'WXP', 4, 3, 2007),
('GTV201-03', 51, 7, 'WXP', 4, 3, 2007),
('GTV201-04', 51, 7, 'WXP', 4, 3, 2007),
('GTV201-05', 51, 7, 'WXP', 4, 3, 2007),
('GTV201-06', 51, 7, 'WXP', 4, 3, 2007),
('GTV201-07', 51, 7, 'WXP', 4, 3, 2007),
('GTV201-08', 51, 7, 'WXP', 4, 3, 2007),
('GTV201-09', 51, 7, 'WXP', 4, 3, 2007),
('GTV201-10', 51, 7, 'WXP', 4, 3, 2007),
('GTV201-11', 51, 7, 'WXP', 4, 3, 2007),
('GTV201-12', 51, 7, 'WXP', 4, 3, 2007),
('GTV201-13', 51, 7, 'WXP', 4, 3, 2007),
('GTV201-14', 51, 7, 'WXP', 4, 3, 2007),
('GTV201-15', 51, 7, 'WXP', 4, 3, 2007),
('GTVF01', 53, 7, NULL, 13, 1, 2007),
('GTVP01', 50, 7, NULL, 15, 4, 2008),
('GTVR01', 54, 7, NULL, 17, 2, 2006),
('GTVXXXX', NULL, NULL, NULL, NULL, NULL, NULL),
('HFK001', 52, 8, 'LX5', 7, 1, 2007),
('HFK002', 52, 8, 'UNIX', 6, 1, 2007),
('HFK003', 52, 8, 'LX5', 7, 1, 2006),
('HFK004', 52, 8, 'LX5', 7, 1, 2007),
('HFK005', 52, 8, 'W2K8S', 7, 1, 2010),
('HFKADM-1', 51, 8, 'WVista', 7, 1, 2010),
('HFKADM-2', 51, 8, 'WVista', 7, 1, 2010),
('HFKADM-3', 51, 8, 'WVista', 5, 1, 2008),
('HFKADM-4', 51, 8, 'WVista', 5, 1, 2008),
('HFKF01', 53, 8, NULL, 13, 1, 2008),
('HFKF02', 53, 8, NULL, 13, 1, 2008),
('HFKINK-1', 51, 8, 'WVista', 7, 1, 2009),
('HFKINK-2', 51, 8, 'WVista', 7, 5, 2009),
('HFKP01', 50, 8, NULL, 7, 1, 2007),
('HFKR01', 54, 8, NULL, 17, 1, 2006),
('HFKR02', 54, 3, NULL, 17, 3, 2007),
('HFKRES', 51, 8, 'WVista', 7, 1, 2009),
('HFKXXXX', NULL, NULL, NULL, NULL, NULL, NULL);

-- --------------------------------------------------------

--
-- Tabelstructuur voor tabel `cmdb_hardwarelink`
--

CREATE TABLE IF NOT EXISTS `cmdb_hardwarelink` (
  `Hardware_ID_hoofd` varchar(32) DEFAULT NULL,
  `Hardware_ID_sub` varchar(32) DEFAULT NULL,
  UNIQUE KEY `Hardware_ID_hoofd` (`Hardware_ID_hoofd`,`Hardware_ID_sub`),
  KEY `FKsubHardware` (`Hardware_ID_sub`)
) ENGINE=InnoDB DEFAULT CHARSET=latin1;

--
-- Gegevens worden uitgevoerd voor tabel `cmdb_hardwarelink`
--

INSERT INTO `cmdb_hardwarelink` (`Hardware_ID_hoofd`, `Hardware_ID_sub`) VALUES
(NULL, 'BRGR01'),
(NULL, 'GRLR01'),
(NULL, 'GSSR01'),
(NULL, 'GTNR01'),
(NULL, 'GTVR01'),
(NULL, 'HFKR01'),
(NULL, 'HFKR02'),
('ANLH01', 'ANLW01'),
('ANLH01', 'ANLW02'),
('ANLM01', 'ANLW03'),
('ANLW01', 'ANLP01'),
('ANLW03', 'ANLH01'),
('BRG004', 'BRG001'),
('BRG004', 'BRG002'),
('BRG004', 'BRG003'),
('BRG004', 'BRGA111-01'),
('BRG004', 'BRGA111-02'),
('BRG004', 'BRGA111-03'),
('BRG004', 'BRGA111-04'),
('BRG004', 'BRGA111-05'),
('BRG004', 'BRGA111-06'),
('BRG004', 'BRGA111-07'),
('BRG004', 'BRGA111-08'),
('BRG004', 'BRGA111-09'),
('BRG004', 'BRGA111-10'),
('BRG004', 'BRGA111-11'),
('BRG004', 'BRGA111-12'),
('BRG004', 'BRGA111-13'),
('BRG004', 'BRGA111-14'),
('BRG004', 'BRGA111-15'),
('BRG004', 'BRGA111-16'),
('BRG004', 'BRGA112-01'),
('BRG004', 'BRGA112-02'),
('BRG004', 'BRGA112-03'),
('BRG004', 'BRGA112-04'),
('BRG004', 'BRGA112-05'),
('BRG004', 'BRGA112-06'),
('BRG004', 'BRGA112-07'),
('BRG004', 'BRGA112-08'),
('BRG004', 'BRGA112-09'),
('BRG004', 'BRGA112-10'),
('BRG004', 'BRGA112-11'),
('BRG004', 'BRGA112-12'),
('BRG004', 'BRGA112-13'),
('BRG004', 'BRGA112-14'),
('BRG004', 'BRGA112-15'),
('BRG004', 'BRGA112-16'),
('BRG004', 'BRGA112-99'),
('BRG004', 'BRGD123-01'),
('BRG004', 'BRGD123-02'),
('BRG004', 'BRGD123-03'),
('BRG004', 'BRGD123-04'),
('BRG004', 'BRGD123-05'),
('BRG004', 'BRGD123-06'),
('BRG004', 'BRGD123-07'),
('BRG004', 'BRGD123-08'),
('BRG004', 'BRGD123-09'),
('BRG004', 'BRGD123-10'),
('BRG004', 'BRGD123-11'),
('BRG004', 'BRGD123-12'),
('BRG004', 'BRGD123-13'),
('BRG004', 'BRGD123-14'),
('BRG004', 'BRGD123-15'),
('BRG004', 'BRGD123-16'),
('BRG004', 'BRGD125-01'),
('BRG004', 'BRGD125-02'),
('BRG004', 'BRGD125-03'),
('BRG004', 'BRGD125-04'),
('BRG004', 'BRGD125-05'),
('BRG004', 'BRGD125-06'),
('BRG004', 'BRGD125-07'),
('BRG004', 'BRGD125-08'),
('BRG004', 'BRGD125-09'),
('BRG004', 'BRGD125-10'),
('BRG004', 'BRGD125-11'),
('BRG004', 'BRGD125-12'),
('BRG004', 'BRGD125-13'),
('BRG004', 'BRGD125-14'),
('BRG004', 'BRGD125-15'),
('BRG004', 'BRGD125-16'),
('BRG004', 'BRGD125-99'),
('BRG004', 'BRGD127-01'),
('BRG004', 'BRGD127-02'),
('BRG004', 'BRGD127-03'),
('BRG004', 'BRGD127-04'),
('BRG004', 'BRGD127-05'),
('BRG004', 'BRGD127-06'),
('BRG004', 'BRGD127-07'),
('BRG004', 'BRGD127-08'),
('BRG004', 'BRGD127-09'),
('BRG004', 'BRGD127-10'),
('BRG004', 'BRGD127-11'),
('BRG004', 'BRGD127-12'),
('BRG004', 'BRGD127-13'),
('BRG004', 'BRGD127-14'),
('BRG004', 'BRGD127-15'),
('BRG004', 'BRGD127-16'),
('BRG004', 'BRGP01'),
('BRG004', 'BRGP02'),
('BRGR01', 'BRG004'),
('GRL004', 'BHFK002'),
('GRL004', 'GRL001'),
('GRL004', 'GRL002'),
('GRL004', 'GRL003'),
('GRL004', 'GRLA112-01'),
('GRL004', 'GRLA112-02'),
('GRL004', 'GRLA112-03'),
('GRL004', 'GRLA112-04'),
('GRL004', 'GRLA112-05'),
('GRL004', 'GRLA112-06'),
('GRL004', 'GRLA112-07'),
('GRL004', 'GRLA112-08'),
('GRL004', 'GRLA112-09'),
('GRL004', 'GRLA112-10'),
('GRL004', 'GRLA112-11'),
('GRL004', 'GRLA112-12'),
('GRL004', 'GRLA112-13'),
('GRL004', 'GRLA112-14'),
('GRL004', 'GRLA112-15'),
('GRL004', 'GRLA112-16'),
('GRL004', 'GRLA115-01'),
('GRL004', 'GRLA115-02'),
('GRL004', 'GRLA115-03'),
('GRL004', 'GRLA115-04'),
('GRL004', 'GRLA115-05'),
('GRL004', 'GRLA115-06'),
('GRL004', 'GRLA115-07'),
('GRL004', 'GRLA115-08'),
('GRL004', 'GRLA115-09'),
('GRL004', 'GRLA115-10'),
('GRL004', 'GRLA115-11'),
('GRL004', 'GRLA115-12'),
('GRL004', 'GRLA115-13'),
('GRL004', 'GRLA115-14'),
('GRL004', 'GRLA115-15'),
('GRL004', 'GRLA115-16'),
('GRL004', 'GRLA115-99'),
('GRL004', 'GRLB107-01'),
('GRL004', 'GRLB107-02'),
('GRL004', 'GRLB107-03'),
('GRL004', 'GRLB107-04'),
('GRL004', 'GRLB107-05'),
('GRL004', 'GRLB107-06'),
('GRL004', 'GRLB107-07'),
('GRL004', 'GRLB107-08'),
('GRL004', 'GRLB107-09'),
('GRL004', 'GRLB107-10'),
('GRL004', 'GRLB107-11'),
('GRL004', 'GRLB107-12'),
('GRL004', 'GRLB107-13'),
('GRL004', 'GRLB107-14'),
('GRL004', 'GRLB107-15'),
('GRL004', 'GRLB107-16'),
('GRL004', 'GRLC203-01'),
('GRL004', 'GRLC203-02'),
('GRL004', 'GRLC203-03'),
('GRL004', 'GRLC203-04'),
('GRL004', 'GRLC203-05'),
('GRL004', 'GRLC203-06'),
('GRL004', 'GRLC203-07'),
('GRL004', 'GRLC203-08'),
('GRL004', 'GRLC203-09'),
('GRL004', 'GRLC203-10'),
('GRL004', 'GRLC203-11'),
('GRL004', 'GRLC203-12'),
('GRL004', 'GRLC203-13'),
('GRL004', 'GRLC203-14'),
('GRL004', 'GRLC203-15'),
('GRL004', 'GRLC203-16'),
('GRL004', 'GRLC205-01'),
('GRL004', 'GRLC205-02'),
('GRL004', 'GRLC205-03'),
('GRL004', 'GRLC205-04'),
('GRL004', 'GRLC205-05'),
('GRL004', 'GRLC205-06'),
('GRL004', 'GRLC205-07'),
('GRL004', 'GRLC205-08'),
('GRL004', 'GRLC205-09'),
('GRL004', 'GRLC205-10'),
('GRL004', 'GRLC205-11'),
('GRL004', 'GRLC205-12'),
('GRL004', 'GRLC205-13'),
('GRL004', 'GRLC205-14'),
('GRL004', 'GRLC205-15'),
('GRL004', 'GRLC205-16'),
('GRL004', 'GRLC205-99'),
('GRL004', 'GRLC207-01'),
('GRL004', 'GRLC207-02'),
('GRL004', 'GRLC207-03'),
('GRL004', 'GRLC207-04'),
('GRL004', 'GRLC207-05'),
('GRL004', 'GRLC207-06'),
('GRL004', 'GRLC207-07'),
('GRL004', 'GRLC207-08'),
('GRL004', 'GRLC207-09'),
('GRL004', 'GRLC207-10'),
('GRL004', 'GRLC207-11'),
('GRL004', 'GRLC207-12'),
('GRL004', 'GRLC207-13'),
('GRL004', 'GRLC207-14'),
('GRL004', 'GRLC207-15'),
('GRL004', 'GRLC207-16'),
('GRL004', 'GRLP01'),
('GRL004', 'GRLP02'),
('GRL004', 'GRLP03'),
('GRLR01', 'BRGR01'),
('GRLR01', 'GRL004'),
('GSS001', 'GSS002'),
('GSS001', 'GSS003'),
('GSS001', 'GSS101-01'),
('GSS001', 'GSS101-02'),
('GSS001', 'GSS101-03'),
('GSS001', 'GSS101-04'),
('GSS001', 'GSS101-05'),
('GSS001', 'GSS101-06'),
('GSS001', 'GSS101-07'),
('GSS001', 'GSS101-08'),
('GSS001', 'GSS101-09'),
('GSS001', 'GSS101-10'),
('GSS001', 'GSS101-11'),
('GSS001', 'GSS101-12'),
('GSS001', 'GSS102-01'),
('GSS001', 'GSS102-02'),
('GSS001', 'GSS102-03'),
('GSS001', 'GSS102-04'),
('GSS001', 'GSS102-05'),
('GSS001', 'GSS102-06'),
('GSS001', 'GSS102-07'),
('GSS001', 'GSS102-08'),
('GSS001', 'GSS102-09'),
('GSS001', 'GSS102-10'),
('GSS001', 'GSS102-11'),
('GSS001', 'GSS102-12'),
('GSS001', 'GSS102-13'),
('GSS001', 'GSS102-14'),
('GSS001', 'GSS103-01'),
('GSS001', 'GSS103-02'),
('GSS001', 'GSS103-03'),
('GSS001', 'GSS103-04'),
('GSS001', 'GSS103-05'),
('GSS001', 'GSS103-06'),
('GSS001', 'GSS103-07'),
('GSS001', 'GSS103-08'),
('GSS001', 'GSS103-09'),
('GSS001', 'GSS103-10'),
('GSS001', 'GSS103-11'),
('GSS001', 'GSS103-12'),
('GSS001', 'GSS103-13'),
('GSS001', 'GSS103-14'),
('GSS001', 'GSS103-99'),
('GSS001', 'GSS104-01'),
('GSS001', 'GSS104-02'),
('GSS001', 'GSS104-03'),
('GSS001', 'GSS104-04'),
('GSS001', 'GSS104-05'),
('GSS001', 'GSS104-06'),
('GSS001', 'GSS104-07'),
('GSS001', 'GSS104-08'),
('GSS001', 'GSS104-09'),
('GSS001', 'GSS104-10'),
('GSS001', 'GSS104-11'),
('GSS001', 'GSS104-12'),
('GSS001', 'GSS104-13'),
('GSS001', 'GSS104-14'),
('GSS001', 'GSS104-15'),
('GSS001', 'GSS104-16'),
('GSS001', 'GSS104-17'),
('GSS001', 'GSS104-18'),
('GSS003', 'GSSP01'),
('GSS003', 'GSSP02'),
('GSSR01', 'GSS001'),
('GTN001', 'GTNM01'),
('GTN004', 'GTN001'),
('GTN004', 'GTN002'),
('GTN004', 'GTN003'),
('GTN004', 'GTNA012-01'),
('GTN004', 'GTNA012-02'),
('GTN004', 'GTNA012-03'),
('GTN004', 'GTNA012-04'),
('GTN004', 'GTNA012-05'),
('GTN004', 'GTNA012-06'),
('GTN004', 'GTNA012-07'),
('GTN004', 'GTNA012-08'),
('GTN004', 'GTNA012-09'),
('GTN004', 'GTNA012-10'),
('GTN004', 'GTNA012-11'),
('GTN004', 'GTNA012-12'),
('GTN004', 'GTNA012-13'),
('GTN004', 'GTNA012-14'),
('GTN004', 'GTNA012-15'),
('GTN004', 'GTNA012-16'),
('GTN004', 'GTNA012-17'),
('GTN004', 'GTNA012-18'),
('GTN004', 'GTNA013-01'),
('GTN004', 'GTNA013-02'),
('GTN004', 'GTNA013-03'),
('GTN004', 'GTNA013-04'),
('GTN004', 'GTNA013-05'),
('GTN004', 'GTNA013-06'),
('GTN004', 'GTNA013-07'),
('GTN004', 'GTNA013-08'),
('GTN004', 'GTNA013-09'),
('GTN004', 'GTNA013-10'),
('GTN004', 'GTNA013-11'),
('GTN004', 'GTNA013-12'),
('GTN004', 'GTNA013-13'),
('GTN004', 'GTNA013-14'),
('GTN004', 'GTNA013-15'),
('GTN004', 'GTNA013-16'),
('GTN004', 'GTNA013-17'),
('GTN004', 'GTNA013-18'),
('GTN004', 'GTNA013-19'),
('GTN004', 'GTNA013-20'),
('GTN004', 'GTNA013-99'),
('GTN004', 'GTNA014-01'),
('GTN004', 'GTNA014-02'),
('GTN004', 'GTNA014-03'),
('GTN004', 'GTNA014-04'),
('GTN004', 'GTNA014-05'),
('GTN004', 'GTNA014-06'),
('GTN004', 'GTNA014-07'),
('GTN004', 'GTNA014-08'),
('GTN004', 'GTNA014-09'),
('GTN004', 'GTNA014-10'),
('GTN004', 'GTNA014-11'),
('GTN004', 'GTNA014-12'),
('GTN004', 'GTNA014-13'),
('GTN004', 'GTNA014-14'),
('GTN004', 'GTNA014-15'),
('GTN004', 'GTNA014-16'),
('GTN004', 'GTNA014-17'),
('GTN004', 'GTNA014-18'),
('GTN004', 'GTNA014-99'),
('GTN004', 'GTNP01'),
('GTNM01', 'ANLM01'),
('GTNR01', 'GTN004'),
('GTVR01', 'GTV001'),
('GTVR01', 'GTV002'),
('GTVR01', 'GTV101-01'),
('GTVR01', 'GTV101-02'),
('GTVR01', 'GTV101-03'),
('GTVR01', 'GTV101-04'),
('GTVR01', 'GTV101-05'),
('GTVR01', 'GTV101-06'),
('GTVR01', 'GTV101-07'),
('GTVR01', 'GTV101-08'),
('GTVR01', 'GTV101-09'),
('GTVR01', 'GTV101-10'),
('GTVR01', 'GTV101-11'),
('GTVR01', 'GTV101-12'),
('GTVR01', 'GTV101-13'),
('GTVR01', 'GTV101-14'),
('GTVR01', 'GTV101-15'),
('GTVR01', 'GTV101-16'),
('GTVR01', 'GTV101-99'),
('GTVR01', 'GTV201-01'),
('GTVR01', 'GTV201-02'),
('GTVR01', 'GTV201-03'),
('GTVR01', 'GTV201-04'),
('GTVR01', 'GTV201-05'),
('GTVR01', 'GTV201-06'),
('GTVR01', 'GTV201-07'),
('GTVR01', 'GTV201-08'),
('GTVR01', 'GTV201-09'),
('GTVR01', 'GTV201-10'),
('GTVR01', 'GTV201-11'),
('GTVR01', 'GTV201-12'),
('GTVR01', 'GTV201-13'),
('GTVR01', 'GTV201-14'),
('GTVR01', 'GTV201-15'),
('GTVR01', 'GTVP01'),
('HFKR01', 'HFK001'),
('HFKR01', 'HFK002'),
('HFKR01', 'HFK003'),
('HFKR01', 'HFK004'),
('HFKR01', 'HFK005'),
('HFKR01', 'HFKADM-1'),
('HFKR01', 'HFKADM-2'),
('HFKR01', 'HFKADM-3'),
('HFKR01', 'HFKADM-4'),
('HFKR01', 'HFKINK-1'),
('HFKR01', 'HFKINK-2'),
('HFKR01', 'HFKP01'),
('HFKR02', 'BHFK003');

-- --------------------------------------------------------

--
-- Tabelstructuur voor tabel `cmdb_leverancier`
--

CREATE TABLE IF NOT EXISTS `cmdb_leverancier` (
  `Leverancier_ID` int(11) NOT NULL AUTO_INCREMENT,
  `LeverancierNaam` varchar(64) DEFAULT NULL,
  PRIMARY KEY (`Leverancier_ID`)
) ENGINE=InnoDB  DEFAULT CHARSET=latin1 AUTO_INCREMENT=34 ;

--
-- Gegevens worden uitgevoerd voor tabel `cmdb_leverancier`
--

INSERT INTO `cmdb_leverancier` (`Leverancier_ID`, `LeverancierNaam`) VALUES
(1, 'CompuWare Assen'),
(2, 'Access Direct'),
(3, 'ByteStuff Veendam'),
(4, 'Ten Cate 1st Sign'),
(5, 'NorrComp Vries'),
(6, 'Dell.com'),
(7, 'Betabook Apeldoorn'),
(8, 'EDUadmin Zwolle'),
(9, 'Eduforce Drachten'),
(10, 'Exact Delft'),
(11, 'HAN Arnhem'),
(12, 'Instruct Bodegraven'),
(13, 'CompuWare Assen'),
(14, 'Access Direct'),
(15, 'ByteStuff Veendam'),
(16, 'Ten Cate 1st Sign'),
(17, 'NorrComp Vries'),
(18, 'Dell.com'),
(19, 'Betabook Apeldoorn'),
(20, 'EDUadmin Zwolle'),
(21, 'Eduforce Drachten'),
(22, 'Exact Delft'),
(23, 'HAN Arnhem'),
(24, 'Instruct Bodegraven'),
(25, 'Microsoft'),
(26, 'Noordhoff Groningen'),
(27, 'SDU Den Haag'),
(28, 'SLO Enschede'),
(29, 'Thieme Zutphen'),
(30, 'UOCG Groningen'),
(31, 'ZORN zoeterwoude'),
(32, 'Verschillende'),
(33, 'NVT');

-- --------------------------------------------------------

--
-- Tabelstructuur voor tabel `cmdb_locatie`
--

CREATE TABLE IF NOT EXISTS `cmdb_locatie` (
  `Locatie_ID` int(11) NOT NULL AUTO_INCREMENT,
  `LocatieOmschrijving` varchar(64) DEFAULT NULL,
  PRIMARY KEY (`Locatie_ID`)
) ENGINE=InnoDB  DEFAULT CHARSET=latin1 AUTO_INCREMENT=9 ;

--
-- Gegevens worden uitgevoerd voor tabel `cmdb_locatie`
--

INSERT INTO `cmdb_locatie` (`Locatie_ID`, `LocatieOmschrijving`) VALUES
(1, 'Anloo'),
(2, 'Grolloo'),
(3, 'Uitwijklocatie'),
(4, 'Borger'),
(5, 'Gasselte'),
(6, 'Gieten'),
(7, 'Gieterveen'),
(8, 'Hoofdkantoor');

-- --------------------------------------------------------

--
-- Tabelstructuur voor tabel `cmdb_ontwikkelaar`
--

CREATE TABLE IF NOT EXISTS `cmdb_ontwikkelaar` (
  `Ontwikkelaar_ID` int(11) NOT NULL AUTO_INCREMENT,
  `OntwikkelaarNaam` varchar(64) DEFAULT NULL,
  PRIMARY KEY (`Ontwikkelaar_ID`)
) ENGINE=InnoDB  DEFAULT CHARSET=latin1 AUTO_INCREMENT=36 ;

--
-- Gegevens worden uitgevoerd voor tabel `cmdb_ontwikkelaar`
--

INSERT INTO `cmdb_ontwikkelaar` (`Ontwikkelaar_ID`, `OntwikkelaarNaam`) VALUES
(1, 'Cisco'),
(2, 'Draytek'),
(3, 'Canon'),
(4, 'Acer'),
(5, 'Fujitsu Siemens'),
(6, 'IBM'),
(7, 'HP'),
(8, 'Dynalink'),
(9, 'Packard Bell'),
(10, 'Lenovo'),
(11, 'Linksys'),
(12, 'Brother'),
(13, 'Netgear'),
(14, 'Dell'),
(15, 'Epson'),
(16, 'Sitecom'),
(17, 'D-link'),
(18, 'Adobe'),
(19, 'Betabook'),
(20, 'EDUadmin'),
(21, 'Eduforce'),
(22, 'Exact'),
(23, 'HAN Arnhem'),
(24, 'Instruct'),
(25, 'Microsoft'),
(26, 'Noordhoff'),
(27, 'open source'),
(28, 'PowerPres'),
(29, 'SCO'),
(30, 'SDU'),
(31, 'SLO'),
(32, 'Sun Microsystems'),
(33, 'Thieme'),
(34, 'UOCG'),
(35, 'ZORN');

-- --------------------------------------------------------

--
-- Tabelstructuur voor tabel `cmdb_software`
--

CREATE TABLE IF NOT EXISTS `cmdb_software` (
  `Software_ID` varchar(32) NOT NULL DEFAULT '',
  `SoftwareNaam` varchar(64) DEFAULT NULL,
  `SoftwareType_ID` int(11) DEFAULT NULL,
  `SoftwareOntwikkelaar_ID` int(11) DEFAULT NULL,
  `SoftwareLeverancier_ID` int(11) DEFAULT NULL,
  `SoftwareAantalLicenties` int(11) DEFAULT NULL,
  `SoftwareAantalGebruikers` int(11) DEFAULT NULL,
  PRIMARY KEY (`Software_ID`),
  KEY `FKOntwikkelaarSoftware` (`SoftwareOntwikkelaar_ID`),
  KEY `FKLeverancierSoftware` (`SoftwareLeverancier_ID`),
  KEY `FKTypeSoftware` (`SoftwareType_ID`),
  KEY `Software_ID` (`Software_ID`)
) ENGINE=InnoDB DEFAULT CHARSET=latin1;

--
-- Gegevens worden uitgevoerd voor tabel `cmdb_software`
--

INSERT INTO `cmdb_software` (`Software_ID`, `SoftwareNaam`, `SoftwareType_ID`, `SoftwareOntwikkelaar_ID`, `SoftwareLeverancier_ID`, `SoftwareAantalLicenties`, `SoftwareAantalGebruikers`) VALUES
('AP', 'Apache Webserver 2.1.12', 62, 27, 33, 0, 0),
('AS', 'AtomSim 1', 78, 19, 19, 3, 150),
('BB', 'BinBase 9.5', 76, 33, 29, 3, 150),
('CC', 'Calculus 2', 73, 31, 28, 4, 250),
('CG', 'CabriGeo', 75, 31, 28, 3, 150),
('CS', 'CareSim', 94, 19, 19, 3, 150),
('EdPrf', 'EduProf 1.2', 70, 26, 26, 3, -1),
('EG', 'ElectroGame', 93, 19, 19, 3, 150),
('EP', 'ExcercisePlanner 4', 90, 35, 31, 4, -1),
('ET', 'ExactTrain 4', 87, 21, 21, 3, 100),
('EX', 'Mail Exchange Server 2007', 63, 25, 1, 1, 0),
('ExInk', 'Exact Inkoop', 67, 22, 10, 2, 0),
('FF', 'Firefox 3.5', 64, 27, 33, 0, 0),
('GI', 'GameInstruct 1.0', 91, 35, 31, 5, -1),
('HE', 'HablarEspo 2.3', 72, 26, 26, 3, -1),
('HS', 'HouseSim 8', 92, 24, 12, 3, 100),
('HV', 'HumanVoyage 2.4', 80, 19, 19, 4, 250),
('IE7', 'Internet Explorer 7', 64, 25, 32, 0, 0),
('IE8', 'Internet Explorer 8', 64, 25, 1, 0, 0),
('IET', 'IntoEarth 1.2', 84, 30, 27, 4, 250),
('IM', 'FCO-IM', 82, 23, 23, 3, 150),
('LG', 'Logo', 81, 25, 25, 3, 150),
('LL+', 'LeerlingPlus', 66, 20, 20, 4, 0),
('LX5', 'Linux 5', 59, 27, 32, 75, 0),
('LX8', 'Linux 8', 59, 27, 32, 35, 0),
('MM', 'MMDesigner', 89, 28, 1, 5, -1),
('MYSQL', 'MySQL versie 5.1', 61, 27, 33, 0, 0),
('OFF2K3', 'Office 2003', 60, 25, 32, 100, 0),
('OFF2K7', 'Office 2007', 60, 25, 32, 7, 0),
('OFFXP', 'Office XP Professional Edition', 60, 25, 32, 120, 0),
('OS', 'OrgaSim 1', 79, 19, 19, 3, 150),
('PCG', 'PCGraph', 74, 31, 28, 4, 250),
('PP', 'PractSupport professional', 77, 19, 19, 5, 250),
('ProfSup', 'ProfSupport Web 2.9', 65, 34, 30, 2, 0),
('PS', 'Photoshop', 88, 18, 1, 5, 250),
('SG', 'SimGame', 85, 30, 27, 4, 250),
('SOFF', 'Star Office 8', 60, 32, 32, 110, 0),
('SP+', 'SpelPlus', 68, 26, 26, 4, -1),
('SQL2005', 'SQL Server versie 2005', 61, 25, 1, 1, 0),
('SQL7', 'SQL Server versie 7.0', 61, 25, 1, 1, 0),
('TE', 'TopoExercise', 83, 30, 27, 4, 250),
('TT', 'TimeTravel 3', 86, 30, 27, 4, 250),
('UM', 'Ubungsmeister 5', 71, 26, 26, 3, -1),
('UNIX', 'Unix besturingssysteem', 57, 29, 1, 3, 0),
('VT', 'VocTrainer 1', 69, 26, 26, 4, -1),
('W2K3S', 'Windows 2003 Server', 57, 25, 32, 3, 0),
('W2K8S', 'Windows 2008 Server', 57, 25, 32, 4, 0),
('WVista', 'Windows Vista', 58, 25, 32, 7, 0),
('WXP', 'Windows XP', 58, 25, 32, 250, 0);

-- --------------------------------------------------------

--
-- Tabelstructuur voor tabel `cmdb_type`
--

CREATE TABLE IF NOT EXISTS `cmdb_type` (
  `Type_ID` int(11) NOT NULL AUTO_INCREMENT,
  `TypeOmschrijving` varchar(64) DEFAULT NULL,
  PRIMARY KEY (`Type_ID`)
) ENGINE=InnoDB  DEFAULT CHARSET=latin1 AUTO_INCREMENT=95 ;

--
-- Gegevens worden uitgevoerd voor tabel `cmdb_type`
--

INSERT INTO `cmdb_type` (`Type_ID`, `TypeOmschrijving`) VALUES
(48, 'switch'),
(49, 'modem'),
(50, 'printer'),
(51, 'werkstation'),
(52, 'server'),
(53, 'firewall'),
(54, 'router'),
(55, 'scanner'),
(56, 'plotter'),
(57, 'netwerkbesturingssysteem'),
(58, 'besturingssysteem werkstations'),
(59, 'netwerkbesturingssysteem en besturingssysteem werkstations'),
(60, 'softwarepakket kantoorautomatisering'),
(61, 'database managementsysteem'),
(62, 'webserver'),
(63, 'mailserver'),
(64, 'webbrowser'),
(65, 'webapplicatie voor studievoortgangssysteem'),
(66, 'administratiepakket voor scholen'),
(67, 'softwarepakket voor inkoopadministratie'),
(68, 'oefenprogramma Nederlandse spelling'),
(69, 'trainingsprogramma Engelse vocabulaire'),
(70, 'trainingsprogramma Franse grammatica'),
(71, 'trainingsprogramma Duitse naamvallen'),
(72, 'conversatieprogramma Spaans'),
(73, 'rekenprogramma symbolische manipulaties'),
(74, 'grafiekenprogramma'),
(75, 'oefenprogramma meetkundige bewijzen'),
(76, 'zoekprogramma exacte vakken'),
(77, 'hulpprogramma voor verwerking practicumresultaten'),
(78, 'simultatieprogramma voor het atoommodel van Bohr'),
(79, 'simultatieprogramma voor organische verbindingen'),
(80, 'virtuele reis door het menselijk lichaam'),
(81, 'programmeertaal'),
(82, 'modelleerprogramma voor informatiemodellering'),
(83, 'oefenprogramma topografie van Europa'),
(84, 'virtuele reis naar het binnenste van de aarde'),
(85, 'spelprogramma ruimtelijke ordening'),
(86, 'virtuele reis in de tijd'),
(87, 'trainingsprogramma voor boekhouden'),
(88, 'bewerkingsprogramma voor digitale foto''s'),
(89, 'programma voor het ontwerpen van multimediapresentaties'),
(90, 'programma voor het plannen van sporttrainingen'),
(91, 'programma met spelregels van de meeste sporten'),
(92, 'simulatieprogramma voor huisschilderwerk'),
(93, 'spelprogramma electrische schakelingen'),
(94, 'simulatieprogramma voor verzorgingsvraagstukken ');

-- --------------------------------------------------------

--
-- Tabelstructuur voor tabel `cms_gebruikers`
--

CREATE TABLE IF NOT EXISTS `cms_gebruikers` (
  `gebruikercode` varchar(5) NOT NULL,
  `wachtwoord` varchar(64) NOT NULL,
  `voornaam` varchar(64) NOT NULL,
  `achternaam` varchar(64) NOT NULL,
  `laatstingelogd` datetime NOT NULL,
  `gebruikerslevel` int(2) NOT NULL DEFAULT '1',
  `email` varchar(64) NOT NULL,
  PRIMARY KEY (`gebruikercode`)
) ENGINE=InnoDB DEFAULT CHARSET=latin1;

--
-- Gegevens worden uitgevoerd voor tabel `cms_gebruikers`
--

INSERT INTO `cms_gebruikers` (`gebruikercode`, `wachtwoord`, `voornaam`, `achternaam`, `laatstingelogd`, `gebruikerslevel`, `email`) VALUES
('KLENI', '1biertje.', 'Nick', 'Klein', '2014-06-21 13:07:22', 1, 'nick@nickklein.nl'),
('ROOT', '1biertje', 'system', 'administrator', '2014-06-19 10:35:43', 5, 'systeembeheerder@scholengroephondsrug.nl'),
('SLOJB', '1biertje', 'Jan-Bert', 'van Slochteren', '2014-06-18 19:58:14', 1, 'jan-bert@scholengroephondsrug.nl'),
('SMIMA', '1biertje', 'Matthijs', 'Smit', '2014-06-20 20:31:18', 1, 'matthijs@scholengroephondsrug.nl'),
('STORO', '1biertje', 'Robert', 'Stocker', '2014-06-18 19:56:28', 1, 'robert@scholengroephondsrug.nl');

-- --------------------------------------------------------

--
-- Tabelstructuur voor tabel `cms_pagina`
--

CREATE TABLE IF NOT EXISTS `cms_pagina` (
  `pagina_Id` int(11) NOT NULL AUTO_INCREMENT,
  `menuText` varchar(32) DEFAULT NULL,
  `slug` varchar(32) NOT NULL,
  `file` varchar(64) NOT NULL,
  `inMenu` tinyint(1) NOT NULL DEFAULT '1',
  PRIMARY KEY (`pagina_Id`),
  UNIQUE KEY `slug` (`slug`)
) ENGINE=InnoDB  DEFAULT CHARSET=latin1 AUTO_INCREMENT=7 ;

--
-- Gegevens worden uitgevoerd voor tabel `cms_pagina`
--

INSERT INTO `cms_pagina` (`pagina_Id`, `menuText`, `slug`, `file`, `inMenu`) VALUES
(1, 'Home', 'home', 'index.page.php', 1),
(2, 'Inloggen', 'login', 'login.page.php', 0),
(4, 'Debug', 'debug', 'debug.page.php', 1),
(5, 'Hardware', 'hardware', 'hardwarelist.page.php', 1),
(6, 'Tech Support', 'techsupport', '../img/other.png', 0);

-- --------------------------------------------------------

--
-- Tabelstructuur voor tabel `cms_paginapermissie`
--

CREATE TABLE IF NOT EXISTS `cms_paginapermissie` (
  `permissie_Id` int(11) NOT NULL AUTO_INCREMENT,
  `gebruikerlevel` int(2) NOT NULL,
  `pagina_Id` int(11) NOT NULL,
  PRIMARY KEY (`permissie_Id`),
  KEY `fk_paginapermissie` (`pagina_Id`)
) ENGINE=InnoDB  DEFAULT CHARSET=latin1 AUTO_INCREMENT=5 ;

--
-- Gegevens worden uitgevoerd voor tabel `cms_paginapermissie`
--

INSERT INTO `cms_paginapermissie` (`permissie_Id`, `gebruikerlevel`, `pagina_Id`) VALUES
(3, 1, 5),
(4, 2, 4);

-- --------------------------------------------------------

--
-- Tabelstructuur voor tabel `im_incidenten`
--

CREATE TABLE IF NOT EXISTS `im_incidenten` (
  `Incident_ID` int(11) NOT NULL AUTO_INCREMENT,
  `IncidentHardware_ID` varchar(32) DEFAULT NULL,
  `IncidentAanvang` datetime DEFAULT NULL,
  `IncidentEindtijd` datetime DEFAULT NULL,
  `IncidentOmschrijving` longtext,
  `IncidentWorkaround` longtext,
  `IncidentImpact` int(1) DEFAULT NULL,
  `IncidentUrgentie` int(1) DEFAULT NULL,
  `gebruikercode` varchar(5) NOT NULL,
  PRIMARY KEY (`Incident_ID`),
  KEY `FKIncidentenHardware` (`IncidentHardware_ID`),
  KEY `FKIncidentenGebruikers` (`gebruikercode`)
) ENGINE=InnoDB DEFAULT CHARSET=latin1 AUTO_INCREMENT=1 ;

-- --------------------------------------------------------

--
-- Tabelstructuur voor tabel `im_incidentprobleemlink`
--

CREATE TABLE IF NOT EXISTS `im_incidentprobleemlink` (
  `Incident_ID` int(11) NOT NULL,
  `Probleem_ID` int(11) NOT NULL,
  KEY `FKProbleemIncident` (`Probleem_ID`),
  KEY `FKIncidentProbleem` (`Incident_ID`)
) ENGINE=InnoDB DEFAULT CHARSET=latin1;

-- --------------------------------------------------------

--
-- Tabelstructuur voor tabel `im_problemen`
--

CREATE TABLE IF NOT EXISTS `im_problemen` (
  `Probleem_ID` int(11) NOT NULL AUTO_INCREMENT,
  `Probleem_Omschrijving` varchar(255) NOT NULL,
  `Probleem_Workaround` varchar(255) NOT NULL,
  `Probleem_Opgelost` tinyint(1) DEFAULT NULL,
  PRIMARY KEY (`Probleem_ID`)
) ENGINE=InnoDB DEFAULT CHARSET=latin1 AUTO_INCREMENT=1 ;

--
-- Beperkingen voor gedumpte tabellen
--

--
-- Beperkingen voor tabel `cmdb_geinstalleerdesoftware`
--
ALTER TABLE `cmdb_geinstalleerdesoftware`
  ADD CONSTRAINT `FKHardwareSoftware` FOREIGN KEY (`Hardware_ID`) REFERENCES `cmdb_hardware` (`Hardware_ID`),
  ADD CONSTRAINT `FKSoftwareHardware` FOREIGN KEY (`Software_ID`) REFERENCES `cmdb_software` (`Software_ID`);

--
-- Beperkingen voor tabel `cmdb_hardware`
--
ALTER TABLE `cmdb_hardware`
  ADD CONSTRAINT `FKLeverancierHardware` FOREIGN KEY (`HardwareLeverancier_ID`) REFERENCES `cmdb_leverancier` (`Leverancier_ID`),
  ADD CONSTRAINT `FKLocatieHardware` FOREIGN KEY (`HardwareLocatie_ID`) REFERENCES `cmdb_locatie` (`Locatie_ID`),
  ADD CONSTRAINT `FKOntwikkelaarHardware` FOREIGN KEY (`HardwareOntwikkelaar_ID`) REFERENCES `cmdb_ontwikkelaar` (`Ontwikkelaar_ID`),
  ADD CONSTRAINT `FKSoftwareHardwareOS` FOREIGN KEY (`HardwareOS_ID`) REFERENCES `cmdb_software` (`Software_ID`),
  ADD CONSTRAINT `FKTypeHardware` FOREIGN KEY (`HardwareType_ID`) REFERENCES `cmdb_type` (`Type_ID`);

--
-- Beperkingen voor tabel `cmdb_hardwarelink`
--
ALTER TABLE `cmdb_hardwarelink`
  ADD CONSTRAINT `FKhoofdHardware` FOREIGN KEY (`Hardware_ID_hoofd`) REFERENCES `cmdb_hardware` (`Hardware_ID`),
  ADD CONSTRAINT `FKsubHardware` FOREIGN KEY (`Hardware_ID_sub`) REFERENCES `cmdb_hardware` (`Hardware_ID`);

--
-- Beperkingen voor tabel `cmdb_software`
--
ALTER TABLE `cmdb_software`
  ADD CONSTRAINT `FKLeverancierSoftware` FOREIGN KEY (`SoftwareLeverancier_ID`) REFERENCES `cmdb_leverancier` (`Leverancier_ID`),
  ADD CONSTRAINT `FKOntwikkelaarSoftware` FOREIGN KEY (`SoftwareOntwikkelaar_ID`) REFERENCES `cmdb_ontwikkelaar` (`Ontwikkelaar_ID`),
  ADD CONSTRAINT `FKTypeSoftware` FOREIGN KEY (`SoftwareType_ID`) REFERENCES `cmdb_type` (`Type_ID`);

--
-- Beperkingen voor tabel `cms_paginapermissie`
--
ALTER TABLE `cms_paginapermissie`
  ADD CONSTRAINT `fk_paginapermissie` FOREIGN KEY (`pagina_Id`) REFERENCES `cms_pagina` (`pagina_Id`);

--
-- Beperkingen voor tabel `im_incidenten`
--
ALTER TABLE `im_incidenten`
  ADD CONSTRAINT `FKIncidentenGebruikers` FOREIGN KEY (`gebruikercode`) REFERENCES `cms_gebruikers` (`gebruikercode`),
  ADD CONSTRAINT `FKIncidentenHardware` FOREIGN KEY (`IncidentHardware_ID`) REFERENCES `cmdb_hardware` (`Hardware_ID`);

--
-- Beperkingen voor tabel `im_incidentprobleemlink`
--
ALTER TABLE `im_incidentprobleemlink`
  ADD CONSTRAINT `FKIncidentProbleem` FOREIGN KEY (`Incident_ID`) REFERENCES `im_incidenten` (`Incident_ID`),
  ADD CONSTRAINT `FKProbleemIncident` FOREIGN KEY (`Probleem_ID`) REFERENCES `im_problemen` (`Probleem_ID`);

/*!40101 SET CHARACTER_SET_CLIENT=@OLD_CHARACTER_SET_CLIENT */;
/*!40101 SET CHARACTER_SET_RESULTS=@OLD_CHARACTER_SET_RESULTS */;
/*!40101 SET COLLATION_CONNECTION=@OLD_COLLATION_CONNECTION */;
